"codigo";"municipio";"total";"ano"
"110001";"Alta Floresta D'Oeste";5;"2010"
"110002";"Ariquemes";29;"2010"
"110004";"Cacoal";14;"2010"
"110006";"Colorado do Oeste";2;"2010"
"110007";"Corumbiara";1;"2010"
"110008";"Costa Marques";1;"2010"
"110009";"Espigão D'Oeste";3;"2010"
"110010";"Guajará-Mirim";13;"2010"
"110011";"Jaru";8;"2010"
"110012";"Ji-Paraná";31;"2010"
"110013";"Machadinho D'Oeste";2;"2010"
"110014";"Nova Brasilândia D'Oeste";3;"2010"
"110015";"Ouro Preto do Oeste";3;"2010"
"110018";"Pimenta Bueno";7;"2010"
"110020";"Porto Velho";307;"2010"
"110025";"Presidente Médici";2;"2010"
"110028";"Rolim de Moura";2;"2010"
"110030";"Vilhena";25;"2010"
"110033";"Nova Mamoré";2;"2010"
"110034";"Alvorada D'Oeste";1;"2010"
"110040";"Alto Paraíso";2;"2010"
"110045";"Buritis";2;"2010"
"110145";"Parecis";1;"2010"
"110150";"Seringueiras";1;"2010"
"120001";"Acrelândia";1;"2010"
"120010";"Brasiléia";5;"2010"
"120020";"Cruzeiro do Sul";41;"2010"
"120025";"Epitaciolândia";3;"2010"
"120030";"Feijó";10;"2010"
"120032";"Jordão";7;"2010"
"120033";"Mâncio Lima";2;"2010"
"120034";"Manoel Urbano";2;"2010"
"120035";"Marechal Thaumaturgo";2;"2010"
"120040";"Rio Branco";193;"2010"
"120042";"Rodrigues Alves";1;"2010"
"120043";"Santa Rosa do Purus";3;"2010"
"120045";"Senador Guiomard";1;"2010"
"120050";"Sena Madureira";8;"2010"
"120060";"Tarauacá";18;"2010"
"120070";"Xapuri";2;"2010"
"130002";"Alvarães";8;"2010"
"130006";"Amaturá";3;"2010"
"130008";"Anamã";1;"2010"
"130010";"Anori";3;"2010"
"130014";"Apuí";2;"2010"
"130020";"Atalaia do Norte";5;"2010"
"130030";"Autazes";8;"2010"
"130040";"Barcelos";3;"2010"
"130050";"Barreirinha";5;"2010"
"130060";"Benjamin Constant";23;"2010"
"130063";"Beruri";3;"2010"
"130068";"Boa Vista do Ramos";1;"2010"
"130070";"Boca do Acre";4;"2010"
"130080";"Borba";4;"2010"
"130090";"Canutama";3;"2010"
"130100";"Carauari";17;"2010"
"130110";"Careiro";2;"2010"
"130115";"Careiro da Várzea";2;"2010"
"130120";"Coari";21;"2010"
"130130";"Codajás";10;"2010"
"130140";"Eirunepé";37;"2010"
"130150";"Envira";8;"2010"
"130160";"Fonte Boa";4;"2010"
"130165";"Guajará";3;"2010"
"130170";"Humaitá";4;"2010"
"130180";"Ipixuna";2;"2010"
"130185";"Iranduba";8;"2010"
"130190";"Itacoatiara";18;"2010"
"130195";"Itamarati";2;"2010"
"130200";"Itapiranga";2;"2010"
"130210";"Japurá";1;"2010"
"130220";"Juruá";1;"2010"
"130230";"Jutaí";1;"2010"
"130240";"Lábrea";10;"2010"
"130250";"Manacapuru";20;"2010"
"130260";"Manaus";653;"2010"
"130270";"Manicoré";14;"2010"
"130280";"Maraã";8;"2010"
"130290";"Maués";14;"2010"
"130300";"Nhamundá";2;"2010"
"130310";"Nova Olinda do Norte";13;"2010"
"130320";"Novo Airão";1;"2010"
"130330";"Novo Aripuanã";4;"2010"
"130340";"Parintins";37;"2010"
"130350";"Pauini";2;"2010"
"130353";"Presidente Figueiredo";2;"2010"
"130356";"Rio Preto da Eva";5;"2010"
"130360";"Santa Isabel do Rio Negro";5;"2010"
"130370";"Santo Antônio do Içá";11;"2010"
"130380";"São Gabriel da Cachoeira";27;"2010"
"130390";"São Paulo de Olivença";15;"2010"
"130395";"São Sebastião do Uatumã";1;"2010"
"130400";"Silves";1;"2010"
"130406";"Tabatinga";45;"2010"
"130410";"Tapauá";4;"2010"
"130420";"Tefé";29;"2010"
"130426";"Uarini";13;"2010"
"130430";"Urucará";1;"2010"
"140002";"Amajari";2;"2010"
"140010";"Boa Vista";116;"2010"
"140015";"Bonfim";1;"2010"
"140023";"Caroebe";1;"2010"
"140040";"Normandia";1;"2010"
"140045";"Pacaraima";2;"2010"
"140047";"Rorainópolis";2;"2010"
"140050";"São João da Baliza";1;"2010"
"140070";"Uiramutã";1;"2010"
"150010";"Abaetetuba";27;"2010"
"150020";"Acará";3;"2010"
"150030";"Afuá";1;"2010"
"150040";"Alenquer";20;"2010"
"150050";"Almeirim";9;"2010"
"150060";"Altamira";80;"2010"
"150070";"Anajás";7;"2010"
"150080";"Ananindeua";84;"2010"
"150085";"Anapu";8;"2010"
"150090";"Augusto Corrêa";4;"2010"
"150095";"Aurora do Pará";2;"2010"
"150100";"Aveiro";1;"2010"
"150110";"Bagre";3;"2010"
"150120";"Baião";3;"2010"
"150130";"Barcarena";14;"2010"
"150140";"Belém";866;"2010"
"150145";"Belterra";1;"2010"
"150150";"Benevides";1;"2010"
"150157";"Bom Jesus do Tocantins";1;"2010"
"150170";"Bragança";67;"2010"
"150172";"Brasil Novo";1;"2010"
"150178";"Breu Branco";2;"2010"
"150180";"Breves";48;"2010"
"150190";"Bujaru";1;"2010"
"150195";"Cachoeira do Piriá";1;"2010"
"150200";"Cachoeira do Arari";2;"2010"
"150210";"Cametá";59;"2010"
"150215";"Canaã dos Carajás";4;"2010"
"150220";"Capanema";25;"2010"
"150230";"Capitão Poço";8;"2010"
"150240";"Castanhal";49;"2010"
"150270";"Conceição do Araguaia";3;"2010"
"150275";"Concórdia do Pará";5;"2010"
"150276";"Cumaru do Norte";1;"2010"
"150277";"Curionópolis";6;"2010"
"150280";"Curralinho";5;"2010"
"150285";"Curuá";1;"2010"
"150290";"Curuçá";1;"2010"
"150293";"Dom Eliseu";10;"2010"
"150295";"Eldorado do Carajás";5;"2010"
"150304";"Floresta do Araguaia";2;"2010"
"150307";"Garrafão do Norte";4;"2010"
"150309";"Goianésia do Pará";4;"2010"
"150310";"Gurupá";5;"2010"
"150330";"Igarapé-Miri";12;"2010"
"150345";"Ipixuna do Pará";6;"2010"
"150360";"Itaituba";45;"2010"
"150370";"Itupiranga";4;"2010"
"150375";"Jacareacanga";14;"2010"
"150380";"Jacundá";11;"2010"
"150390";"Juruti";23;"2010"
"150400";"Limoeiro do Ajuru";2;"2010"
"150405";"Mãe do Rio";7;"2010"
"150420";"Marabá";132;"2010"
"150430";"Maracanã";1;"2010"
"150442";"Marituba";16;"2010"
"150445";"Medicilândia";3;"2010"
"150450";"Melgaço";2;"2010"
"150460";"Mocajuba";6;"2010"
"150470";"Moju";13;"2010"
"150480";"Monte Alegre";24;"2010"
"150490";"Muaná";8;"2010"
"150495";"Nova Esperança do Piriá";7;"2010"
"150497";"Nova Ipixuna";1;"2010"
"150503";"Novo Progresso";16;"2010"
"150506";"Novo Repartimento";6;"2010"
"150510";"Óbidos";18;"2010"
"150520";"Oeiras do Pará";9;"2010"
"150530";"Oriximiná";15;"2010"
"150540";"Ourém";2;"2010"
"150543";"Ourilândia do Norte";10;"2010"
"150548";"Pacajá";8;"2010"
"150549";"Palestina do Pará";1;"2010"
"150550";"Paragominas";30;"2010"
"150553";"Parauapebas";49;"2010"
"150555";"Pau D'Arco";2;"2010"
"150563";"Piçarra";2;"2010"
"150565";"Placas";3;"2010"
"150570";"Ponta de Pedras";2;"2010"
"150580";"Portel";8;"2010"
"150590";"Porto de Moz";5;"2010"
"150600";"Prainha";6;"2010"
"150613";"Redenção";52;"2010"
"150616";"Rio Maria";1;"2010"
"150618";"Rondon do Pará";15;"2010"
"150619";"Rurópolis";3;"2010"
"150620";"Salinópolis";7;"2010"
"150630";"Salvaterra";7;"2010"
"150650";"Santa Izabel do Pará";8;"2010"
"150655";"Santa Luzia do Pará";1;"2010"
"150670";"Santana do Araguaia";4;"2010"
"150680";"Santarém";152;"2010"
"150690";"Santarém Novo";1;"2010"
"150700";"Santo Antônio do Tauá";1;"2010"
"150710";"São Caetano de Odivelas";2;"2010"
"150715";"São Domingos do Araguaia";1;"2010"
"150720";"São Domingos do Capim";1;"2010"
"150730";"São Félix do Xingu";11;"2010"
"150745";"São Geraldo do Araguaia";4;"2010"
"150760";"São Miguel do Guamá";6;"2010"
"150770";"São Sebastião da Boa Vista";10;"2010"
"150780";"Senador José Porfírio";2;"2010"
"150790";"Soure";6;"2010"
"150795";"Tailândia";19;"2010"
"150796";"Terra Alta";1;"2010"
"150797";"Terra Santa";2;"2010"
"150800";"Tomé-Açu";17;"2010"
"150803";"Tracuateua";2;"2010"
"150805";"Trairão";2;"2010"
"150808";"Tucumã";10;"2010"
"150810";"Tucuruí";104;"2010"
"150812";"Ulianópolis";7;"2010"
"150815";"Uruará";8;"2010"
"150820";"Vigia";4;"2010"
"150830";"Viseu";11;"2010"
"150840";"Xinguara";6;"2010"
"160015";"Pedra Branca do Amapari";1;"2010"
"160021";"Cutias";1;"2010"
"160027";"Laranjal do Jari";21;"2010"
"160030";"Macapá";239;"2010"
"160040";"Mazagão";1;"2010"
"160050";"Oiapoque";6;"2010"
"160053";"Porto Grande";3;"2010"
"160060";"Santana";32;"2010"
"160070";"Tartarugalzinho";2;"2010"
"170190";"Araguacema";1;"2010"
"170200";"Araguaçu";1;"2010"
"170210";"Araguaína";98;"2010"
"170220";"Araguatins";2;"2010"
"170230";"Arapoema";1;"2010"
"170240";"Arraias";7;"2010"
"170255";"Augustinópolis";27;"2010"
"170384";"Campos Lindos";3;"2010"
"170410";"Centenário";1;"2010"
"170510";"Chapada da Natividade";1;"2010"
"170550";"Colinas do Tocantins";7;"2010"
"170600";"Couto Magalhães";2;"2010"
"170700";"Dianópolis";8;"2010"
"170740";"Esperantina";1;"2010"
"170770";"Filadélfia";1;"2010"
"170820";"Formoso do Araguaia";1;"2010"
"170900";"Goiatins";1;"2010"
"170930";"Guaraí";6;"2010"
"170950";"Gurupi";30;"2010"
"171050";"Itacajá";2;"2010"
"171320";"Miracema do Tocantins";7;"2010"
"171360";"Monte do Carmo";1;"2010"
"171395";"Muricilândia";1;"2010"
"171500";"Nova Rosalândia";1;"2010"
"171610";"Paraíso do Tocantins";4;"2010"
"171650";"Pedro Afonso";6;"2010"
"171750";"Pium";1;"2010"
"171790";"Ponte Alta do Tocantins";1;"2010"
"171820";"Porto Nacional";18;"2010"
"171850";"Recursolândia";2;"2010"
"171890";"Santa Rosa do Tocantins";2;"2010"
"172000";"Santa Terezinha do Tocantins";1;"2010"
"172049";"São Valério";1;"2010"
"172090";"Taguatinga";7;"2010"
"172100";"Palmas";122;"2010"
"172110";"Tocantínia";1;"2010"
"172120";"Tocantinópolis";5;"2010"
"172130";"Tupiratins";1;"2010"
"172210";"Xambioá";3;"2010"
"210005";"Açailândia";10;"2010"
"210010";"Afonso Cunha";1;"2010"
"210015";"Água Doce do Maranhão";1;"2010"
"210020";"Alcântara";1;"2010"
"210030";"Aldeias Altas";1;"2010"
"210040";"Altamira do Maranhão";3;"2010"
"210047";"Alto Alegre do Pindaré";1;"2010"
"210060";"Amarante do Maranhão";6;"2010"
"210080";"Anapurus";1;"2010"
"210083";"Apicum-Açu";2;"2010"
"210087";"Araguanã";1;"2010"
"210100";"Arari";3;"2010"
"210110";"Axixá";1;"2010"
"210120";"Bacabal";27;"2010"
"210140";"Balsas";25;"2010"
"210150";"Barão de Grajaú";1;"2010"
"210160";"Barra do Corda";35;"2010"
"210170";"Barreirinhas";7;"2010"
"210173";"Belágua";2;"2010"
"210200";"Bom Jardim";2;"2010"
"210210";"Brejo";2;"2010"
"210215";"Brejo de Areia";1;"2010"
"210220";"Buriti";9;"2010"
"210230";"Buriti Bravo";2;"2010"
"210232";"Buriticupu";2;"2010"
"210240";"Cajapió";4;"2010"
"210250";"Cajari";1;"2010"
"210270";"Cantanhede";1;"2010"
"210290";"Carutapera";5;"2010"
"210300";"Caxias";170;"2010"
"210320";"Chapadinha";48;"2010"
"210330";"Codó";22;"2010"
"210340";"Coelho Neto";4;"2010"
"210350";"Colinas";9;"2010"
"210360";"Coroatá";10;"2010"
"210370";"Cururupu";29;"2010"
"210375";"Davinópolis";1;"2010"
"210380";"Dom Pedro";1;"2010"
"210390";"Duque Bacelar";1;"2010"
"210400";"Esperantinópolis";6;"2010"
"210407";"Feira Nova do Maranhão";1;"2010"
"210408";"Fernando Falcão";5;"2010"
"210409";"Formosa da Serra Negra";3;"2010"
"210410";"Fortaleza dos Nogueiras";1;"2010"
"210440";"Gonçalves Dias";2;"2010"
"210450";"Governador Archer";3;"2010"
"210462";"Governador Luiz Rocha";1;"2010"
"210467";"Governador Nunes Freire";23;"2010"
"210480";"Grajaú";9;"2010"
"210500";"Humberto de Campos";6;"2010"
"210520";"Igarapé Grande";1;"2010"
"210530";"Imperatriz";268;"2010"
"210535";"Itaipava do Grajaú";4;"2010"
"210540";"Itapecuru Mirim";8;"2010"
"210542";"Itinga do Maranhão";5;"2010"
"210560";"Joselândia";2;"2010"
"210565";"Junco do Maranhão";1;"2010"
"210570";"Lago da Pedra";13;"2010"
"210580";"Lago do Junco";1;"2010"
"210592";"Lagoa do Mato";1;"2010"
"210594";"Lago dos Rodrigues";1;"2010"
"210598";"Lajeado Novo";1;"2010"
"210600";"Lima Campos";1;"2010"
"210610";"Loreto";2;"2010"
"210630";"Magalhães de Almeida";2;"2010"
"210637";"Maranhãozinho";1;"2010"
"210640";"Mata Roma";1;"2010"
"210667";"Milagres do Maranhão";1;"2010"
"210670";"Mirador";4;"2010"
"210675";"Miranda do Norte";3;"2010"
"210680";"Mirinzal";3;"2010"
"210690";"Monção";2;"2010"
"210700";"Montes Altos";1;"2010"
"210710";"Morros";2;"2010"
"210720";"Nina Rodrigues";3;"2010"
"210735";"Nova Olinda do Maranhão";1;"2010"
"210745";"Olinda Nova do Maranhão";2;"2010"
"210750";"Paço do Lumiar";2;"2010"
"210760";"Palmeirândia";1;"2010"
"210790";"Passagem Franca";3;"2010"
"210800";"Pastos Bons";1;"2010"
"210805";"Paulino Neves";1;"2010"
"210810";"Paulo Ramos";6;"2010"
"210820";"Pedreiras";10;"2010"
"210825";"Pedro do Rosário";3;"2010"
"210830";"Penalva";5;"2010"
"210850";"Pindaré-Mirim";2;"2010"
"210860";"Pinheiro";50;"2010"
"210870";"Pio XII";5;"2010"
"210880";"Pirapemas";5;"2010"
"210900";"Porto Franco";2;"2010"
"210910";"Presidente Dutra";12;"2010"
"210945";"Raposa";1;"2010"
"210950";"Riachão";2;"2010"
"210960";"Rosário";1;"2010"
"210970";"Sambaíba";1;"2010"
"210980";"Santa Helena";1;"2010"
"210990";"Santa Inês";23;"2010"
"211000";"Santa Luzia";5;"2010"
"211003";"Santa Luzia do Paruá";2;"2010"
"211010";"Santa Quitéria do Maranhão";8;"2010"
"211020";"Santa Rita";1;"2010"
"211040";"São Benedito do Rio Preto";3;"2010"
"211050";"São Bento";3;"2010"
"211060";"São Bernardo";3;"2010"
"211065";"São Domingos do Azeitão";2;"2010"
"211090";"São Francisco do Maranhão";1;"2010"
"211100";"São João Batista";2;"2010"
"211102";"São João do Carú";2;"2010"
"211110";"São João dos Patos";4;"2010"
"211120";"São José de Ribamar";2;"2010"
"211125";"São José dos Basílios";1;"2010"
"211130";"São Luís";649;"2010"
"211153";"São Pedro da Água Branca";1;"2010"
"211170";"São Vicente Ferrer";3;"2010"
"211178";"Serrano do Maranhão";1;"2010"
"211180";"Sítio Novo";3;"2010"
"211210";"Timbiras";1;"2010"
"211220";"Timon";17;"2010"
"211223";"Trizidela do Vale";2;"2010"
"211230";"Tuntum";3;"2010"
"211240";"Turiaçu";3;"2010"
"211250";"Tutóia";5;"2010"
"211260";"Urbano Santos";1;"2010"
"211270";"Vargem Grande";13;"2010"
"211280";"Viana";15;"2010"
"211285";"Vila Nova dos Martírios";1;"2010"
"211290";"Vitória do Mearim";11;"2010"
"211300";"Vitorino Freire";5;"2010"
"211400";"Zé Doca";8;"2010"
"220030";"Alto Longá";1;"2010"
"220050";"Amarante";1;"2010"
"220110";"Avelino Lopes";3;"2010"
"220120";"Barras";4;"2010"
"220140";"Barro Duro";1;"2010"
"220150";"Batalha";2;"2010"
"220160";"Beneditinos";2;"2010"
"220173";"Betânia do Piauí";1;"2010"
"220190";"Bom Jesus";14;"2010"
"220210";"Campinas do Piauí";1;"2010"
"220220";"Campo Maior";4;"2010"
"220225";"Canavieira";2;"2010"
"220230";"Canto do Buriti";3;"2010"
"220260";"Castelo do Piauí";3;"2010"
"220270";"Cocal";5;"2010"
"220275";"Colônia do Gurguéia";1;"2010"
"220280";"Conceição do Canindé";1;"2010"
"220290";"Corrente";9;"2010"
"220300";"Cristalândia do Piauí";1;"2010"
"220320";"Curimatá";2;"2010"
"220342";"Domingos Mourão";1;"2010"
"220345";"Dom Inocêncio";1;"2010"
"220370";"Esperantina";3;"2010"
"220380";"Flores do Piauí";1;"2010"
"220390";"Floriano";16;"2010"
"220415";"Francisco Macedo";1;"2010"
"220430";"Fronteiras";1;"2010"
"220440";"Gilbués";3;"2010"
"220455";"Guaribas";1;"2010"
"220460";"Hugo Napoleão";1;"2010"
"220465";"Ilha Grande";1;"2010"
"220490";"Isaías Coelho";1;"2010"
"220510";"Itaueira";2;"2010"
"220520";"Jaicós";2;"2010"
"220540";"Joaquim Pires";1;"2010"
"220550";"José de Freitas";1;"2010"
"220552";"Júlio Borges";1;"2010"
"220553";"Jurema";1;"2010"
"220555";"Lagoa Alegre";2;"2010"
"220560";"Landri Sales";1;"2010"
"220570";"Luís Correia";2;"2010"
"220580";"Luzilândia";6;"2010"
"220585";"Madeiro";1;"2010"
"220590";"Manoel Emídio";1;"2010"
"220595";"Marcolândia";1;"2010"
"220600";"Marcos Parente";1;"2010"
"220620";"Miguel Alves";3;"2010"
"220660";"Monte Alegre do Piauí";2;"2010"
"220665";"Morro Cabeça no Tempo";2;"2010"
"220670";"Nazaré do Piauí";1;"2010"
"220680";"Nossa Senhora dos Remédios";1;"2010"
"220700";"Oeiras";5;"2010"
"220750";"Palmeirais";3;"2010"
"220770";"Parnaíba";99;"2010"
"220777";"Patos do Piauí";1;"2010"
"220780";"Paulistana";10;"2010"
"220790";"Pedro II";7;"2010"
"220800";"Picos";66;"2010"
"220820";"Pio IX";3;"2010"
"220830";"Piracuruca";2;"2010"
"220840";"Piripiri";9;"2010"
"220850";"Porto";1;"2010"
"220865";"Queimada Nova";1;"2010"
"220870";"Redenção do Gurguéia";1;"2010"
"220885";"Riacho Frio";2;"2010"
"220890";"Ribeiro Gonçalves";1;"2010"
"220920";"Santa Filomena";4;"2010"
"220935";"Santana do Piauí";1;"2010"
"220945";"Santo Antônio dos Milagres";1;"2010"
"220990";"São João da Serra";1;"2010"
"221000";"São João do Piauí";6;"2010"
"221039";"São Miguel do Fidalgo";1;"2010"
"221040";"São Miguel do Tapuio";1;"2010"
"221060";"São Raimundo Nonato";12;"2010"
"221070";"Simões";2;"2010"
"221080";"Simplício Mendes";1;"2010"
"221090";"Socorro do Piauí";1;"2010"
"221093";"Sussuapara";1;"2010"
"221100";"Teresina";550;"2010"
"221110";"União";6;"2010"
"221120";"Uruçuí";1;"2010"
"221130";"Valença do Piauí";5;"2010"
"221135";"Várzea Branca";1;"2010"
"221140";"Várzea Grande";1;"2010"
"221170";"Wall Ferraz";1;"2010"
"230020";"Acaraú";4;"2010"
"230030";"Acopiara";8;"2010"
"230040";"Aiuaba";1;"2010"
"230050";"Alcântaras";1;"2010"
"230075";"Amontada";1;"2010"
"230100";"Aquiraz";4;"2010"
"230110";"Aracati";12;"2010"
"230120";"Aracoiaba";2;"2010"
"230130";"Araripe";1;"2010"
"230140";"Aratuba";1;"2010"
"230170";"Aurora";1;"2010"
"230190";"Barbalha";80;"2010"
"230210";"Baturité";5;"2010"
"230220";"Beberibe";1;"2010"
"230240";"Boa Viagem";5;"2010"
"230250";"Brejo Santo";20;"2010"
"230260";"Camocim";6;"2010"
"230270";"Campos Sales";3;"2010"
"230280";"Canindé";18;"2010"
"230290";"Capistrano";1;"2010"
"230300";"Caridade";2;"2010"
"230320";"Caririaçu";1;"2010"
"230330";"Cariús";1;"2010"
"230340";"Carnaubal";2;"2010"
"230360";"Catarina";1;"2010"
"230365";"Catunda";1;"2010"
"230370";"Caucaia";20;"2010"
"230380";"Cedro";1;"2010"
"230390";"Chaval";3;"2010"
"230393";"Choró";1;"2010"
"230410";"Crateús";29;"2010"
"230420";"Crato";35;"2010"
"230423";"Croatá";2;"2010"
"230425";"Cruz";1;"2010"
"230426";"Deputado Irapuan Pinheiro";1;"2010"
"230428";"Eusébio";1;"2010"
"230430";"Farias Brito";2;"2010"
"230435";"Forquilha";1;"2010"
"230440";"Fortaleza";897;"2010"
"230465";"Graça";1;"2010"
"230470";"Granja";4;"2010"
"230495";"Guaiúba";2;"2010"
"230500";"Guaraciaba do Norte";4;"2010"
"230523";"Horizonte";1;"2010"
"230540";"Icó";9;"2010"
"230550";"Iguatu";13;"2010"
"230565";"Ipaporanga";1;"2010"
"230570";"Ipaumirim";1;"2010"
"230580";"Ipu";2;"2010"
"230590";"Ipueiras";2;"2010"
"230610";"Irauçuba";1;"2010"
"230630";"Itapagé";7;"2010"
"230640";"Itapipoca";29;"2010"
"230655";"Itarema";1;"2010"
"230690";"Jaguaribe";4;"2010"
"230710";"Jardim";3;"2010"
"230730";"Juazeiro do Norte";100;"2010"
"230740";"Jucás";1;"2010"
"230750";"Lavras da Mangabeira";1;"2010"
"230760";"Limoeiro do Norte";8;"2010"
"230765";"Maracanaú";11;"2010"
"230770";"Maranguape";1;"2010"
"230800";"Massapê";1;"2010"
"230810";"Mauriti";3;"2010"
"230820";"Meruoca";1;"2010"
"230830";"Milagres";1;"2010"
"230835";"Milhã";2;"2010"
"230840";"Missão Velha";1;"2010"
"230850";"Mombaça";3;"2010"
"230860";"Monsenhor Tabosa";1;"2010"
"230870";"Morada Nova";4;"2010"
"230900";"Mucambo";1;"2010"
"230920";"Nova Olinda";2;"2010"
"230930";"Nova Russas";1;"2010"
"230950";"Orós";2;"2010"
"230960";"Pacajus";4;"2010"
"230970";"Pacatuba";1;"2010"
"230980";"Pacoti";1;"2010"
"231020";"Paracuru";1;"2010"
"231025";"Paraipaba";1;"2010"
"231030";"Parambu";1;"2010"
"231050";"Pedra Branca";1;"2010"
"231060";"Penaforte";1;"2010"
"231070";"Pentecoste";1;"2010"
"231080";"Pereiro";1;"2010"
"231085";"Pindoretama";1;"2010"
"231100";"Poranga";1;"2010"
"231110";"Porteiras";1;"2010"
"231130";"Quixadá";24;"2010"
"231140";"Quixeramobim";2;"2010"
"231160";"Redenção";1;"2010"
"231180";"Russas";8;"2010"
"231195";"Salitre";1;"2010"
"231200";"Santana do Acaraú";2;"2010"
"231210";"Santana do Cariri";2;"2010"
"231240";"São Gonçalo do Amarante";1;"2010"
"231270";"Senador Pompeu";6;"2010"
"231290";"Sobral";190;"2010"
"231310";"Tabuleiro do Norte";1;"2010"
"231330";"Tauá";5;"2010"
"231335";"Tejuçuoca";1;"2010"
"231340";"Tianguá";12;"2010"
"231350";"Trairi";3;"2010"
"231370";"Umari";1;"2010"
"231390";"Uruoca";1;"2010"
"231400";"Várzea Alegre";4;"2010"
"231410";"Viçosa do Ceará";4;"2010"
"240020";"Açu";2;"2010"
"240050";"Alexandria";2;"2010"
"240060";"Almino Afonso";2;"2010"
"240080";"Angicos";1;"2010"
"240100";"Apodi";3;"2010"
"240130";"Augusto Severo";1;"2010"
"240145";"Baraúna";1;"2010"
"240190";"Caiçara do Rio do Vento";1;"2010"
"240200";"Caicó";4;"2010"
"240220";"Canguaretama";1;"2010"
"240230";"Caraúbas";3;"2010"
"240260";"Ceará-Mirim";3;"2010"
"240310";"Currais Novos";49;"2010"
"240325";"Parnamirim";43;"2010"
"240350";"Espírito Santo";1;"2010"
"240430";"Governador Dix-Sept Rosado";1;"2010"
"240450";"Guamaré";1;"2010"
"240460";"Ielmo Marinho";1;"2010"
"240580";"João Câmara";5;"2010"
"240610";"Jucurutu";2;"2010"
"240710";"Macaíba";2;"2010"
"240800";"Mossoró";104;"2010"
"240810";"Natal";362;"2010"
"240830";"Nova Cruz";2;"2010"
"240890";"Parelhas";3;"2010"
"240940";"Pau dos Ferros";9;"2010"
"241030";"Serra Caiada";2;"2010"
"241070";"Riacho da Cruz";1;"2010"
"241120";"Santa Cruz";1;"2010"
"241140";"Santana do Matos";1;"2010"
"241150";"Santo Antônio";4;"2010"
"241200";"São Gonçalo do Amarante";1;"2010"
"241220";"São José de Mipibu";3;"2010"
"241250";"São Miguel";1;"2010"
"241260";"São Paulo do Potengi";1;"2010"
"241280";"São Rafael";1;"2010"
"241350";"Serrinha";1;"2010"
"241360";"Severiano Melo";3;"2010"
"241390";"Taipu";1;"2010"
"241460";"Upanema";1;"2010"
"241490";"Viçosa";1;"2010"
"250020";"Aguiar";1;"2010"
"250030";"Alagoa Grande";2;"2010"
"250050";"Alagoinha";1;"2010"
"250060";"Alhandra";1;"2010"
"250070";"São João do Rio do Peixe";1;"2010"
"250090";"Arara";1;"2010"
"250100";"Araruna";1;"2010"
"250110";"Areia";1;"2010"
"250160";"Barra de Santa Rosa";1;"2010"
"250180";"Bayeux";2;"2010"
"250190";"Belém";1;"2010"
"250210";"Boa Ventura";1;"2010"
"250260";"Igaracy";1;"2010"
"250320";"Cabedelo";1;"2010"
"250330";"Cachoeira dos Índios";1;"2010"
"250350";"Cacimba de Dentro";1;"2010"
"250370";"Cajazeiras";15;"2010"
"250400";"Campina Grande";290;"2010"
"250430";"Catolé do Rocha";3;"2010"
"250440";"Conceição";1;"2010"
"250480";"Coremas";1;"2010"
"250490";"Cruz do Espírito Santo";1;"2010"
"250500";"Cubati";1;"2010"
"250520";"Cuitegi";1;"2010"
"250560";"Diamante";1;"2010"
"250600";"Esperança";1;"2010"
"250630";"Guarabira";9;"2010"
"250640";"Gurinhém";1;"2010"
"250670";"Imaculada";1;"2010"
"250690";"Itabaiana";2;"2010"
"250700";"Itaporanga";1;"2010"
"250750";"João Pessoa";369;"2010"
"250770";"Juazeirinho";1;"2010"
"250830";"Lagoa Seca";1;"2010"
"250890";"Mamanguape";2;"2010"
"250970";"Monteiro";2;"2010"
"251010";"Nova Floresta";1;"2010"
"251080";"Patos";62;"2010"
"251120";"Pedras de Fogo";1;"2010"
"251130";"Piancó";1;"2010"
"251140";"Picuí";4;"2010"
"251170";"Pilõezinhos";1;"2010"
"251210";"Pombal";2;"2010"
"251230";"Princesa Isabel";3;"2010"
"251240";"Puxinanã";1;"2010"
"251250";"Queimadas";1;"2010"
"251270";"Remígio";1;"2010"
"251290";"Rio Tinto";1;"2010"
"251310";"Salgado de São Félix";1;"2010"
"251340";"Santa Luzia";1;"2010"
"251360";"Santana dos Garrotes";1;"2010"
"251370";"Santa Rita";6;"2010"
"251390";"São Bento";2;"2010"
"251420";"São José da Lagoa Tapada";1;"2010"
"251450";"São José de Piranhas";1;"2010"
"251530";"Sapé";1;"2010"
"251600";"Solânea";2;"2010"
"251620";"Sousa";15;"2010"
"251660";"Tavares";1;"2010"
"251670";"Teixeira";1;"2010"
"251710";"Várzea";1;"2010"
"260005";"Abreu e Lima";3;"2010"
"260010";"Afogados da Ingazeira";18;"2010"
"260020";"Afrânio";1;"2010"
"260040";"Água Preta";1;"2010"
"260050";"Águas Belas";10;"2010"
"260070";"Aliança";2;"2010"
"260090";"Amaraji";1;"2010"
"260105";"Araçoiaba";1;"2010"
"260110";"Araripina";33;"2010"
"260120";"Arcoverde";41;"2010"
"260140";"Barreiros";2;"2010"
"260160";"Belém do São Francisco";1;"2010"
"260170";"Belo Jardim";8;"2010"
"260180";"Betânia";1;"2010"
"260190";"Bezerros";2;"2010"
"260200";"Bodocó";4;"2010"
"260210";"Bom Conselho";2;"2010"
"260220";"Bom Jardim";1;"2010"
"260260";"Brejo da Madre de Deus";2;"2010"
"260280";"Buíque";5;"2010"
"260290";"Cabo de Santo Agostinho";15;"2010"
"260300";"Cabrobó";1;"2010"
"260310";"Cachoeirinha";3;"2010"
"260320";"Caetés";1;"2010"
"260345";"Camaragibe";4;"2010"
"260350";"Camocim de São Félix";1;"2010"
"260370";"Canhotinho";1;"2010"
"260380";"Capoeiras";3;"2010"
"260392";"Carnaubeira da Penha";3;"2010"
"260400";"Carpina";2;"2010"
"260410";"Caruaru";147;"2010"
"260420";"Catende";4;"2010"
"260430";"Cedro";1;"2010"
"260450";"Chã Grande";1;"2010"
"260470";"Correntes";1;"2010"
"260510";"Custódia";5;"2010"
"260520";"Escada";4;"2010"
"260530";"Exu";3;"2010"
"260560";"Flores";1;"2010"
"260570";"Floresta";13;"2010"
"260590";"Gameleira";1;"2010"
"260600";"Garanhuns";53;"2010"
"260620";"Goiana";8;"2010"
"260640";"Gravatá";2;"2010"
"260660";"Ibimirim";7;"2010"
"260670";"Ibirajuba";2;"2010"
"260680";"Igarassu";1;"2010"
"260720";"Ipojuca";2;"2010"
"260730";"Ipubi";3;"2010"
"260750";"Itaíba";4;"2010"
"260770";"Itapetim";1;"2010"
"260780";"Itaquitinga";3;"2010"
"260790";"Jaboatão dos Guararapes";112;"2010"
"260805";"Jatobá";1;"2010"
"260810";"João Alfredo";2;"2010"
"260820";"Joaquim Nabuco";1;"2010"
"260825";"Jucati";1;"2010"
"260830";"Jupi";1;"2010"
"260840";"Jurema";2;"2010"
"260875";"Lagoa Grande";3;"2010"
"260880";"Lajedo";1;"2010"
"260890";"Limoeiro";9;"2010"
"260900";"Macaparana";3;"2010"
"260910";"Machados";1;"2010"
"260915";"Manari";4;"2010"
"260930";"Mirandiba";2;"2010"
"260940";"Moreno";3;"2010"
"260950";"Nazaré da Mata";1;"2010"
"260960";"Olinda";15;"2010"
"260970";"Orobó";1;"2010"
"260990";"Ouricuri";45;"2010"
"261000";"Palmares";23;"2010"
"261020";"Panelas";1;"2010"
"261040";"Parnamirim";1;"2010"
"261050";"Passira";1;"2010"
"261060";"Paudalho";4;"2010"
"261070";"Paulista";4;"2010"
"261090";"Pesqueira";6;"2010"
"261100";"Petrolândia";8;"2010"
"261110";"Petrolina";230;"2010"
"261130";"Pombos";1;"2010"
"261160";"Recife";1111;"2010"
"261180";"Ribeirão";1;"2010"
"261190";"Rio Formoso";1;"2010"
"261220";"Salgueiro";41;"2010"
"261230";"Saloá";1;"2010"
"261250";"Santa Cruz do Capibaribe";7;"2010"
"261255";"Santa Filomena";3;"2010"
"261260";"Santa Maria da Boa Vista";1;"2010"
"261270";"Santa Maria do Cambucá";2;"2010"
"261280";"Santa Terezinha";1;"2010"
"261290";"São Benedito do Sul";2;"2010"
"261300";"São Bento do Una";1;"2010"
"261310";"São Caitano";2;"2010"
"261340";"São José da Coroa Grande";2;"2010"
"261350";"São José do Belmonte";2;"2010"
"261360";"São José do Egito";6;"2010"
"261370";"São Lourenço da Mata";3;"2010"
"261390";"Serra Talhada";35;"2010"
"261420";"Sirinhaém";4;"2010"
"261430";"Moreilândia";1;"2010"
"261450";"Surubim";4;"2010"
"261460";"Tabira";3;"2010"
"261480";"Tacaratu";4;"2010"
"261510";"Terezinha";1;"2010"
"261530";"Timbaúba";3;"2010"
"261560";"Trindade";4;"2010"
"261570";"Triunfo";1;"2010"
"261580";"Tupanatinga";3;"2010"
"261590";"Tuparetama";1;"2010"
"261600";"Venturosa";1;"2010"
"261620";"Vertentes";5;"2010"
"261640";"Vitória de Santo Antão";22;"2010"
"261650";"Xexéu";1;"2010"
"270010";"Água Branca";1;"2010"
"270020";"Anadia";2;"2010"
"270030";"Arapiraca";141;"2010"
"270040";"Atalaia";1;"2010"
"270050";"Barra de Santo Antônio";1;"2010"
"270060";"Barra de São Miguel";1;"2010"
"270070";"Batalha";4;"2010"
"270100";"Boca da Mata";2;"2010"
"270130";"Cajueiro";2;"2010"
"270135";"Campestre";1;"2010"
"270160";"Canapi";2;"2010"
"270170";"Capela";1;"2010"
"270210";"Colônia Leopoldina";2;"2010"
"270230";"Coruripe";12;"2010"
"270240";"Delmiro Gouveia";5;"2010"
"270250";"Dois Riachos";2;"2010"
"270260";"Feira Grande";1;"2010"
"270290";"Girau do Ponciano";1;"2010"
"270300";"Ibateguara";2;"2010"
"270310";"Igaci";1;"2010"
"270330";"Inhapi";2;"2010"
"270380";"Joaquim Gomes";1;"2010"
"270400";"Junqueiro";1;"2010"
"270410";"Lagoa da Canoa";1;"2010"
"270420";"Limoeiro de Anadia";1;"2010"
"270430";"Maceió";563;"2010"
"270440";"Major Isidoro";1;"2010"
"270450";"Maragogi";3;"2010"
"270460";"Maravilha";1;"2010"
"270470";"Marechal Deodoro";2;"2010"
"270480";"Maribondo";2;"2010"
"270500";"Mata Grande";1;"2010"
"270520";"Messias";1;"2010"
"270550";"Murici";3;"2010"
"270570";"Olho d'Água das Flores";1;"2010"
"270600";"Olivença";1;"2010"
"270630";"Palmeira dos Índios";41;"2010"
"270640";"Pão de Açúcar";4;"2010"
"270642";"Pariconha";1;"2010"
"270644";"Paripueira";1;"2010"
"270660";"Paulo Jacinto";1;"2010"
"270670";"Penedo";11;"2010"
"270690";"Pilar";2;"2010"
"270700";"Pindoba";1;"2010"
"270720";"Poço das Trincheiras";1;"2010"
"270790";"Santa Luzia do Norte";1;"2010"
"270800";"Santana do Ipanema";8;"2010"
"270810";"Santana do Mundaú";1;"2010"
"270830";"São José da Laje";1;"2010"
"270860";"São Miguel dos Campos";14;"2010"
"270880";"São Sebastião";1;"2010"
"270895";"Senador Rui Palmeira";2;"2010"
"270915";"Teotônio Vilela";5;"2010"
"270920";"Traipu";3;"2010"
"270930";"União dos Palmares";10;"2010"
"270940";"Viçosa";2;"2010"
"280030";"Aracaju";471;"2010"
"280067";"Boquim";3;"2010"
"280070";"Brejo Grande";1;"2010"
"280100";"Campo do Brito";2;"2010"
"280130";"Capela";6;"2010"
"280140";"Carira";1;"2010"
"280160";"Cedro de São João";1;"2010"
"280210";"Estância";11;"2010"
"280280";"Indiaroba";1;"2010"
"280290";"Itabaiana";26;"2010"
"280300";"Itabaianinha";1;"2010"
"280320";"Itaporanga d'Ajuda";2;"2010"
"280340";"Japoatã";1;"2010"
"280350";"Lagarto";6;"2010"
"280360";"Laranjeiras";3;"2010"
"280450";"Nossa Senhora da Glória";12;"2010"
"280470";"Nossa Senhora de Lourdes";1;"2010"
"280480";"Nossa Senhora do Socorro";3;"2010"
"280540";"Poço Redondo";1;"2010"
"280560";"Porto da Folha";1;"2010"
"280570";"Propriá";1;"2010"
"280660";"Santo Amaro das Brotas";1;"2010"
"280670";"São Cristóvão";5;"2010"
"280710";"Simão Dias";1;"2010"
"280750";"Tomar do Geru";1;"2010"
"290020";"Abaré";1;"2010"
"290030";"Acajutiba";2;"2010"
"290050";"Érico Cardoso";1;"2010"
"290070";"Alagoinhas";44;"2010"
"290080";"Alcobaça";1;"2010"
"290100";"Amargosa";9;"2010"
"290110";"Amélia Rodrigues";1;"2010"
"290160";"Antas";12;"2010"
"290200";"Aracatu";2;"2010"
"290210";"Araci";5;"2010"
"290240";"Aurelino Leal";2;"2010"
"290260";"Baixa Grande";3;"2010"
"290265";"Banzaê";1;"2010"
"290270";"Barra";18;"2010"
"290280";"Barra da Estiva";14;"2010"
"290290";"Barra do Choça";9;"2010"
"290300";"Barra do Mendes";1;"2010"
"290320";"Barreiras";97;"2010"
"290323";"Barro Alto";1;"2010"
"290327";"Barrocas";1;"2010"
"290350";"Belo Campo";2;"2010"
"290360";"Biritinga";1;"2010"
"290370";"Boa Nova";1;"2010"
"290390";"Bom Jesus da Lapa";22;"2010"
"290395";"Bom Jesus da Serra";3;"2010"
"290400";"Boninal";2;"2010"
"290405";"Bonito";2;"2010"
"290410";"Boquira";3;"2010"
"290460";"Brumado";21;"2010"
"290490";"Cachoeira";2;"2010"
"290500";"Caculé";1;"2010"
"290510";"Caém";1;"2010"
"290520";"Caetité";8;"2010"
"290530";"Cafarnaum";1;"2010"
"290560";"Camacan";4;"2010"
"290570";"Camaçari";53;"2010"
"290590";"Campo Alegre de Lourdes";3;"2010"
"290600";"Campo Formoso";13;"2010"
"290610";"Canápolis";2;"2010"
"290650";"Candeias";7;"2010"
"290660";"Candiba";1;"2010"
"290670";"Cândido Sales";5;"2010"
"290680";"Cansanção";2;"2010"
"290682";"Canudos";1;"2010"
"290687";"Capim Grosso";7;"2010"
"290690";"Caravelas";1;"2010"
"290710";"Carinhanha";3;"2010"
"290720";"Casa Nova";1;"2010"
"290730";"Castro Alves";4;"2010"
"290750";"Catu";4;"2010"
"290760";"Central";2;"2010"
"290770";"Chorrochó";1;"2010"
"290780";"Cícero Dantas";4;"2010"
"290820";"Conceição da Feira";3;"2010"
"290830";"Conceição do Almeida";1;"2010"
"290840";"Conceição do Coité";4;"2010"
"290850";"Conceição do Jacuípe";3;"2010"
"290870";"Condeúba";3;"2010"
"290930";"Correntina";6;"2010"
"290960";"Crisópolis";2;"2010"
"290970";"Cristópolis";1;"2010"
"290980";"Cruz das Almas";14;"2010"
"290990";"Curaçá";2;"2010"
"291005";"Dias d'Ávila";10;"2010"
"291040";"Encruzilhada";4;"2010"
"291050";"Entre Rios";3;"2010"
"291060";"Esplanada";10;"2010"
"291070";"Euclides da Cunha";3;"2010"
"291072";"Eunápolis";31;"2010"
"291080";"Feira de Santana";293;"2010"
"291110";"Formosa do Rio Preto";3;"2010"
"291120";"Gandu";4;"2010"
"291130";"Gentio do Ouro";1;"2010"
"291170";"Guanambi";49;"2010"
"291180";"Guaratinga";5;"2010"
"291190";"Iaçu";7;"2010"
"291200";"Ibiassucê";4;"2010"
"291220";"Ibicoara";2;"2010"
"291240";"Ibipeba";1;"2010"
"291250";"Ibipitanga";1;"2010"
"291270";"Ibirapitanga";1;"2010"
"291290";"Ibirataia";6;"2010"
"291300";"Ibitiara";2;"2010"
"291320";"Ibotirama";17;"2010"
"291340";"Igaporã";2;"2010"
"291350";"Iguaí";6;"2010"
"291360";"Ilhéus";65;"2010"
"291370";"Inhambupe";4;"2010"
"291390";"Ipiaú";6;"2010"
"291400";"Ipirá";6;"2010"
"291410";"Ipupiara";1;"2010"
"291440";"Iraquara";12;"2010"
"291450";"Irará";2;"2010"
"291460";"Irecê";105;"2010"
"291465";"Itabela";3;"2010"
"291470";"Itaberaba";19;"2010"
"291480";"Itabuna";276;"2010"
"291500";"Itaeté";1;"2010"
"291510";"Itagi";3;"2010"
"291550";"Itajuípe";2;"2010"
"291560";"Itamaraju";15;"2010"
"291570";"Itamari";1;"2010"
"291580";"Itambé";11;"2010"
"291600";"Itanhém";1;"2010"
"291610";"Itaparica";13;"2010"
"291640";"Itapetinga";19;"2010"
"291650";"Itapicuru";3;"2010"
"291660";"Itapitanga";1;"2010"
"291670";"Itaquara";1;"2010"
"291690";"Itiruçu";1;"2010"
"291700";"Itiúba";1;"2010"
"291710";"Itororó";3;"2010"
"291720";"Ituaçu";1;"2010"
"291730";"Ituberá";6;"2010"
"291733";"Iuiú";1;"2010"
"291735";"Jaborandi";2;"2010"
"291750";"Jacobina";47;"2010"
"291760";"Jaguaquara";14;"2010"
"291800";"Jequié";64;"2010"
"291840";"Juazeiro";58;"2010"
"291855";"Jussari";2;"2010"
"291880";"Laje";1;"2010"
"291890";"Lajedão";1;"2010"
"291915";"Lapão";2;"2010"
"291920";"Lauro de Freitas";29;"2010"
"291930";"Lençóis";2;"2010"
"291950";"Livramento de Nossa Senhora";10;"2010"
"291955";"Luís Eduardo Magalhães";7;"2010"
"291960";"Macajuba";2;"2010"
"291970";"Macarani";6;"2010"
"291980";"Macaúbas";11;"2010"
"291990";"Macururé";2;"2010"
"291992";"Madre de Deus";5;"2010"
"292010";"Mairi";2;"2010"
"292020";"Malhada";1;"2010"
"292050";"Maracás";3;"2010"
"292060";"Maragogipe";2;"2010"
"292080";"Marcionílio Souza";2;"2010"
"292100";"Mata de São João";11;"2010"
"292120";"Miguel Calmon";4;"2010"
"292130";"Milagres";4;"2010"
"292150";"Monte Santo";11;"2010"
"292170";"Morro do Chapéu";8;"2010"
"292180";"Mortugaba";1;"2010"
"292190";"Mucugê";6;"2010"
"292200";"Mucuri";5;"2010"
"292205";"Mulungu do Morro";3;"2010"
"292210";"Mundo Novo";1;"2010"
"292240";"Mutuípe";1;"2010"
"292250";"Nazaré";5;"2010"
"292260";"Nilo Peçanha";2;"2010"
"292290";"Nova Soure";1;"2010"
"292300";"Nova Viçosa";6;"2010"
"292310";"Olindina";1;"2010"
"292340";"Palmas de Monte Alto";5;"2010"
"292360";"Paramirim";11;"2010"
"292370";"Paratinga";6;"2010"
"292390";"Pau Brasil";2;"2010"
"292400";"Paulo Afonso";74;"2010"
"292405";"Pé de Serra";2;"2010"
"292420";"Pedro Alexandre";1;"2010"
"292430";"Piatã";5;"2010"
"292450";"Pindaí";3;"2010"
"292480";"Piritiba";2;"2010"
"292490";"Planaltino";1;"2010"
"292500";"Planalto";1;"2010"
"292510";"Poções";2;"2010"
"292520";"Pojuca";13;"2010"
"292530";"Porto Seguro";52;"2010"
"292540";"Potiraguá";1;"2010"
"292575";"Presidente Tancredo Neves";1;"2010"
"292580";"Queimadas";1;"2010"
"292590";"Quijingue";1;"2010"
"292593";"Quixabeira";1;"2010"
"292595";"Rafael Jambeiro";2;"2010"
"292600";"Remanso";14;"2010"
"292620";"Riachão das Neves";1;"2010"
"292630";"Riachão do Jacuípe";8;"2010"
"292640";"Riacho de Santana";1;"2010"
"292660";"Ribeira do Pombal";22;"2010"
"292665";"Ribeirão do Largo";1;"2010"
"292670";"Rio de Contas";1;"2010"
"292700";"Rio Real";5;"2010"
"292720";"Ruy Barbosa";12;"2010"
"292730";"Salinas da Margarida";2;"2010"
"292740";"Salvador";1030;"2010"
"292750";"Santa Bárbara";3;"2010"
"292780";"Santa Cruz da Vitória";1;"2010"
"292790";"Santa Inês";1;"2010"
"292800";"Santaluz";5;"2010"
"292805";"Santa Luzia";2;"2010"
"292810";"Santa Maria da Vitória";3;"2010"
"292820";"Santana";3;"2010"
"292840";"Santa Rita de Cássia";2;"2010"
"292850";"Santa Teresinha";1;"2010"
"292860";"Santo Amaro";7;"2010"
"292870";"Santo Antônio de Jesus";44;"2010"
"292880";"Santo Estêvão";1;"2010"
"292890";"São Desidério";4;"2010"
"292900";"São Félix";8;"2010"
"292905";"São Félix do Coribe";1;"2010"
"292920";"São Francisco do Conde";8;"2010"
"292925";"São Gabriel";1;"2010"
"292930";"São Gonçalo dos Campos";2;"2010"
"292935";"São José da Vitória";2;"2010"
"292937";"São José do Jacuípe";2;"2010"
"292940";"São Miguel das Matas";1;"2010"
"292950";"São Sebastião do Passé";4;"2010"
"292960";"Sapeaçu";4;"2010"
"292970";"Sátiro Dias";3;"2010"
"292975";"Saubara";1;"2010"
"292980";"Saúde";2;"2010"
"292990";"Seabra";9;"2010"
"293010";"Senhor do Bonfim";29;"2010"
"293015";"Serra do Ramalho";1;"2010"
"293020";"Sento Sé";2;"2010"
"293030";"Serra Dourada";1;"2010"
"293040";"Serra Preta";1;"2010"
"293050";"Serrinha";12;"2010"
"293060";"Serrolândia";1;"2010"
"293070";"Simões Filho";12;"2010"
"293075";"Sítio do Mato";3;"2010"
"293080";"Souto Soares";4;"2010"
"293090";"Tabocas do Brejo Velho";1;"2010"
"293100";"Tanhaçu";1;"2010"
"293105";"Tanque Novo";1;"2010"
"293120";"Taperoá";3;"2010"
"293130";"Tapiramutá";2;"2010"
"293135";"Teixeira de Freitas";63;"2010"
"293150";"Teofilândia";1;"2010"
"293160";"Teolândia";2;"2010"
"293170";"Terra Nova";1;"2010"
"293180";"Tremedal";2;"2010"
"293190";"Tucano";4;"2010"
"293210";"Ubaíra";4;"2010"
"293240";"Uibaí";1;"2010"
"293245";"Umburanas";3;"2010"
"293250";"Una";2;"2010"
"293280";"Utinga";1;"2010"
"293290";"Valença";46;"2010"
"293300";"Valente";1;"2010"
"293310";"Várzea do Poço";3;"2010"
"293315";"Várzea Nova";2;"2010"
"293320";"Vera Cruz";2;"2010"
"293330";"Vitória da Conquista";197;"2010"
"293345";"Wanderley";1;"2010"
"293360";"Xique-Xique";4;"2010"
"310020";"Abaeté";3;"2010"
"310030";"Abre Campo";7;"2010"
"310090";"Águas Formosas";4;"2010"
"310110";"Aimorés";5;"2010"
"310120";"Aiuruoca";4;"2010"
"310150";"Além Paraíba";12;"2010"
"310160";"Alfenas";31;"2010"
"310170";"Almenara";14;"2010"
"310190";"Alpinópolis";2;"2010"
"310220";"Alvarenga";1;"2010"
"310230";"Alvinópolis";1;"2010"
"310260";"Andradas";1;"2010"
"310270";"Cachoeira de Pajeú";1;"2010"
"310340";"Araçuaí";5;"2010"
"310350";"Araguari";22;"2010"
"310400";"Araxá";4;"2010"
"310420";"Arcos";2;"2010"
"310430";"Areado";1;"2010"
"310450";"Arinos";1;"2010"
"310460";"Astolfo Dutra";1;"2010"
"310470";"Ataléia";2;"2010"
"310510";"Bambuí";4;"2010"
"310540";"Barão de Cocais";3;"2010"
"310560";"Barbacena";66;"2010"
"310620";"Belo Horizonte";712;"2010"
"310630";"Belo Oriente";2;"2010"
"310640";"Belo Vale";1;"2010"
"310670";"Betim";66;"2010"
"310680";"Bias Fortes";1;"2010"
"310710";"Boa Esperança";5;"2010"
"310730";"Bocaiúva";8;"2010"
"310740";"Bom Despacho";6;"2010"
"310825";"Bonito de Minas";1;"2010"
"310830";"Borda da Mata";1;"2010"
"310850";"Botumirim";1;"2010"
"310860";"Brasília de Minas";10;"2010"
"310870";"Brás Pires";1;"2010"
"310900";"Brumadinho";1;"2010"
"310920";"Buenópolis";1;"2010"
"310930";"Buritis";3;"2010"
"310940";"Buritizeiro";7;"2010"
"310950";"Cabo Verde";1;"2010"
"311000";"Caeté";3;"2010"
"311050";"Camanducaia";2;"2010"
"311060";"Cambuí";2;"2010"
"311070";"Cambuquira";3;"2010"
"311100";"Campestre";3;"2010"
"311110";"Campina Verde";1;"2010"
"311120";"Campo Belo";6;"2010"
"311130";"Campo do Meio";2;"2010"
"311150";"Campos Altos";3;"2010"
"311230";"Capelinha";11;"2010"
"311260";"Capinópolis";2;"2010"
"311300";"Caraí";3;"2010"
"311320";"Carandaí";2;"2010"
"311330";"Carangola";16;"2010"
"311340";"Caratinga";36;"2010"
"311350";"Carbonita";1;"2010"
"311370";"Carlos Chagas";3;"2010"
"311390";"Carmo da Cachoeira";3;"2010"
"311460";"Carrancas";1;"2010"
"311530";"Cataguases";3;"2010"
"311550";"Caxambu";1;"2010"
"311660";"Cláudio";3;"2010"
"311670";"Coimbra";1;"2010"
"311680";"Coluna";2;"2010"
"311730";"Conceição das Alagoas";2;"2010"
"311800";"Congonhas";1;"2010"
"311830";"Conselheiro Lafaiete";14;"2010"
"311840";"Conselheiro Pena";1;"2010"
"311860";"Contagem";45;"2010"
"311880";"Coração de Jesus";3;"2010"
"311930";"Coromandel";1;"2010"
"311940";"Coronel Fabriciano";5;"2010"
"312080";"Cruzília";2;"2010"
"312087";"Curral de Dentro";1;"2010"
"312090";"Curvelo";20;"2010"
"312160";"Diamantina";14;"2010"
"312200";"Divino";3;"2010"
"312220";"Divinolândia de Minas";1;"2010"
"312230";"Divinópolis";41;"2010"
"312270";"Dom Silvério";1;"2010"
"312300";"Dores de Campos";1;"2010"
"312320";"Dores do Indaiá";4;"2010"
"312360";"Elói Mendes";2;"2010"
"312390";"Entre Rios de Minas";3;"2010"
"312400";"Ervália";1;"2010"
"312410";"Esmeraldas";1;"2010"
"312420";"Espera Feliz";2;"2010"
"312430";"Espinosa";3;"2010"
"312470";"Estrela do Indaiá";1;"2010"
"312480";"Estrela do Sul";1;"2010"
"312510";"Extrema";3;"2010"
"312540";"Felício dos Santos";1;"2010"
"312560";"Felisburgo";2;"2010"
"312595";"Fervedouro";1;"2010"
"312610";"Formiga";2;"2010"
"312660";"Francisco Dumont";1;"2010"
"312670";"Francisco Sá";1;"2010"
"312690";"Frei Inocêncio";3;"2010"
"312700";"Fronteira";1;"2010"
"312710";"Frutal";4;"2010"
"312770";"Governador Valadares";77;"2010"
"312780";"Grão Mogol";1;"2010"
"312800";"Guanhães";10;"2010"
"312820";"Guaraciaba";1;"2010"
"312830";"Guaranésia";3;"2010"
"312860";"Guarda-Mor";2;"2010"
"312870";"Guaxupé";2;"2010"
"312950";"Ibiá";2;"2010"
"312980";"Ibirité";14;"2010"
"313000";"Ibituruna";1;"2010"
"313005";"Icaraí de Minas";1;"2010"
"313010";"Igarapé";1;"2010"
"313120";"Ipanema";5;"2010"
"313130";"Ipatinga";88;"2010"
"313160";"Iraí de Minas";1;"2010"
"313170";"Itabira";21;"2010"
"313190";"Itabirito";8;"2010"
"313210";"Itacarambi";3;"2010"
"313220";"Itaguara";2;"2010"
"313230";"Itaipé";1;"2010"
"313240";"Itajubá";25;"2010"
"313250";"Itamarandiba";4;"2010"
"313270";"Itambacuri";6;"2010"
"313300";"Itamonte";1;"2010"
"313310";"Itanhandu";1;"2010"
"313330";"Itaobim";5;"2010"
"313350";"Itapecerica";1;"2010"
"313380";"Itaúna";13;"2010"
"313420";"Ituiutaba";6;"2010"
"313440";"Iturama";3;"2010"
"313470";"Jacinto";3;"2010"
"313490";"Jacutinga";2;"2010"
"313505";"Jaíba";1;"2010"
"313510";"Janaúba";28;"2010"
"313520";"Januária";15;"2010"
"313550";"Jequeri";2;"2010"
"313600";"Joaíma";1;"2010"
"313620";"João Monlevade";15;"2010"
"313630";"João Pinheiro";4;"2010"
"313650";"Jordânia";1;"2010"
"313660";"Nova União";1;"2010"
"313665";"Juatuba";1;"2010"
"313670";"Juiz de Fora";157;"2010"
"313720";"Lagoa da Prata";5;"2010"
"313760";"Lagoa Santa";2;"2010"
"313770";"Lajinha";5;"2010"
"313820";"Lavras";17;"2010"
"313840";"Leopoldina";7;"2010"
"313860";"Lima Duarte";1;"2010"
"313862";"Limeira do Oeste";2;"2010"
"313880";"Luz";6;"2010"
"313890";"Machacalis";7;"2010"
"313900";"Machado";6;"2010"
"313920";"Malacacheta";5;"2010"
"313930";"Manga";6;"2010"
"313940";"Manhuaçu";23;"2010"
"313950";"Manhumirim";5;"2010"
"313960";"Mantena";5;"2010"
"313970";"Maravilhas";1;"2010"
"313980";"Mar de Espanha";3;"2010"
"314000";"Mariana";7;"2010"
"314015";"Mário Campos";1;"2010"
"314060";"Materlândia";1;"2010"
"314070";"Mateus Leme";2;"2010"
"314090";"Matipó";2;"2010"
"314110";"Matozinhos";1;"2010"
"314150";"Mendes Pimentel";1;"2010"
"314160";"Mercês";1;"2010"
"314180";"Minas Novas";8;"2010"
"314200";"Mirabela";2;"2010"
"314220";"Miraí";1;"2010"
"314240";"Moema";2;"2010"
"314270";"Montalvânia";5;"2010"
"314290";"Monte Azul";4;"2010"
"314300";"Monte Belo";1;"2010"
"314310";"Monte Carmelo";5;"2010"
"314330";"Montes Claros";125;"2010"
"314390";"Muriaé";22;"2010"
"314400";"Mutum";2;"2010"
"314430";"Nanuque";4;"2010"
"314440";"Natércia";1;"2010"
"314470";"Nova Era";1;"2010"
"314480";"Nova Lima";90;"2010"
"314520";"Nova Serrana";13;"2010"
"314530";"Novo Cruzeiro";5;"2010"
"314560";"Oliveira";4;"2010"
"314590";"Ouro Branco";2;"2010"
"314600";"Ouro Fino";1;"2010"
"314610";"Ouro Preto";5;"2010"
"314630";"Padre Paraíso";2;"2010"
"314650";"Pains";1;"2010"
"314655";"Pai Pedro";1;"2010"
"314700";"Paracatu";6;"2010"
"314710";"Pará de Minas";7;"2010"
"314720";"Paraguaçu";1;"2010"
"314730";"Paraisópolis";2;"2010"
"314740";"Paraopeba";1;"2010"
"314760";"Passa Quatro";2;"2010"
"314790";"Passos";32;"2010"
"314800";"Patos de Minas";59;"2010"
"314810";"Patrocínio";3;"2010"
"314830";"Paula Cândido";1;"2010"
"314860";"Peçanha";5;"2010"
"314870";"Pedra Azul";10;"2010"
"314880";"Pedra do Anta";1;"2010"
"314910";"Pedralva";2;"2010"
"314920";"Pedrinópolis";1;"2010"
"314930";"Pedro Leopoldo";7;"2010"
"315040";"Piedade dos Gerais";1;"2010"
"315080";"Piranga";2;"2010"
"315110";"Pirapetinga";1;"2010"
"315120";"Pirapora";16;"2010"
"315140";"Pitangui";6;"2010"
"315150";"Piumhi";3;"2010"
"315180";"Poços de Caldas";26;"2010"
"315190";"Pocrane";1;"2010"
"315200";"Pompéu";1;"2010"
"315210";"Ponte Nova";9;"2010"
"315220";"Porteirinha";4;"2010"
"315250";"Pouso Alegre";55;"2010"
"315280";"Prata";2;"2010"
"315360";"Prudente de Morais";2;"2010"
"315390";"Raposos";1;"2010"
"315430";"Resplendor";2;"2010"
"315450";"Riacho dos Machados";2;"2010"
"315460";"Ribeirão das Neves";16;"2010"
"315490";"Rio Casca";3;"2010"
"315540";"Rio Novo";1;"2010"
"315550";"Rio Paranaíba";3;"2010"
"315560";"Rio Pardo de Minas";3;"2010"
"315570";"Rio Piracicaba";1;"2010"
"315600";"Rio Vermelho";4;"2010"
"315660";"Rubim";3;"2010"
"315670";"Sabará";4;"2010"
"315680";"Sabinópolis";3;"2010"
"315700";"Salinas";11;"2010"
"315720";"Santa Bárbara";2;"2010"
"315750";"Santa Efigênia de Minas";1;"2010"
"315780";"Santa Luzia";7;"2010"
"315790";"Santa Margarida";1;"2010"
"315820";"Santa Maria do Suaçuí";1;"2010"
"315960";"Santa Rita do Sapucaí";2;"2010"
"315980";"Santa Vitória";1;"2010"
"316040";"Santo Antônio do Monte";1;"2010"
"316070";"Santos Dumont";8;"2010"
"316100";"São Domingos do Prata";1;"2010"
"316105";"São Félix de Minas";1;"2010"
"316110";"São Francisco";12;"2010"
"316200";"São Gonçalo do Sapucaí";3;"2010"
"316210";"São Gotardo";1;"2010"
"316240";"São João da Ponte";2;"2010"
"316245";"São João das Missões";1;"2010"
"316250";"São João del Rei";30;"2010"
"316270";"São João do Paraíso";1;"2010"
"316280";"São João Evangelista";2;"2010"
"316290";"São João Nepomuceno";8;"2010"
"316370";"São Lourenço";12;"2010"
"316420";"São Romão";1;"2010"
"316470";"São Sebastião do Paraíso";27;"2010"
"316530";"São Vicente de Minas";1;"2010"
"316550";"Sardoá";2;"2010"
"316650";"Serra Azul de Minas";1;"2010"
"316680";"Serra do Salitre";1;"2010"
"316710";"Serro";2;"2010"
"316720";"Sete Lagoas";52;"2010"
"316800";"Taiobeiras";9;"2010"
"316860";"Teófilo Otoni";107;"2010"
"316870";"Timóteo";7;"2010"
"316880";"Tiradentes";1;"2010"
"316920";"Tombos";1;"2010"
"316930";"Três Corações";18;"2010"
"316935";"Três Marias";3;"2010"
"316940";"Três Pontas";6;"2010"
"316960";"Tupaciguara";1;"2010"
"316970";"Turmalina";10;"2010"
"316990";"Ubá";41;"2010"
"317000";"Ubaí";1;"2010"
"317010";"Uberaba";66;"2010"
"317020";"Uberlândia";129;"2010"
"317040";"Unaí";6;"2010"
"317052";"Urucuia";4;"2010"
"317070";"Varginha";11;"2010"
"317075";"Varjão de Minas";1;"2010"
"317080";"Várzea da Palma";8;"2010"
"317090";"Varzelândia";2;"2010"
"317100";"Vazante";1;"2010"
"317103";"Verdelândia";1;"2010"
"317120";"Vespasiano";3;"2010"
"317130";"Viçosa";32;"2010"
"317160";"Virgem da Lapa";1;"2010"
"317180";"Virginópolis";6;"2010"
"317200";"Visconde do Rio Branco";5;"2010"
"320010";"Afonso Cláudio";3;"2010"
"320020";"Alegre";2;"2010"
"320040";"Anchieta";3;"2010"
"320060";"Aracruz";5;"2010"
"320080";"Baixo Guandu";5;"2010"
"320090";"Barra de São Francisco";10;"2010"
"320100";"Boa Esperança";2;"2010"
"320120";"Cachoeiro de Itapemirim";90;"2010"
"320130";"Cariacica";18;"2010"
"320140";"Castelo";2;"2010"
"320150";"Colatina";27;"2010"
"320160";"Conceição da Barra";2;"2010"
"320170";"Conceição do Castelo";1;"2010"
"320190";"Domingos Martins";1;"2010"
"320210";"Ecoporanga";1;"2010"
"320230";"Guaçuí";3;"2010"
"320240";"Guarapari";3;"2010"
"320245";"Ibatiba";3;"2010"
"320280";"Itapemirim";3;"2010"
"320300";"Iúna";2;"2010"
"320305";"Jaguaré";1;"2010"
"320313";"João Neiva";1;"2010"
"320320";"Linhares";28;"2010"
"320330";"Mantenópolis";2;"2010"
"320334";"Marechal Floriano";1;"2010"
"320340";"Mimoso do Sul";1;"2010"
"320350";"Montanha";1;"2010"
"320390";"Nova Venécia";7;"2010"
"320400";"Pancas";3;"2010"
"320405";"Pedro Canário";1;"2010"
"320410";"Pinheiros";4;"2010"
"320430";"Presidente Kennedy";1;"2010"
"320440";"Rio Novo do Sul";2;"2010"
"320455";"Santa Maria de Jetibá";3;"2010"
"320460";"Santa Teresa";1;"2010"
"320470";"São Gabriel da Palha";4;"2010"
"320490";"São Mateus";26;"2010"
"320500";"Serra";87;"2010"
"320506";"Venda Nova do Imigrante";3;"2010"
"320517";"Vila Valério";1;"2010"
"320520";"Vila Velha";75;"2010"
"320530";"Vitória";180;"2010"
"330010";"Angra dos Reis";11;"2010"
"330015";"Aperibé";1;"2010"
"330020";"Araruama";27;"2010"
"330023";"Armação dos Búzios";3;"2010"
"330030";"Barra do Piraí";15;"2010"
"330040";"Barra Mansa";25;"2010"
"330045";"Belford Roxo";36;"2010"
"330050";"Bom Jardim";3;"2010"
"330060";"Bom Jesus do Itabapoana";4;"2010"
"330070";"Cabo Frio";33;"2010"
"330080";"Cachoeiras de Macacu";6;"2010"
"330090";"Cambuci";1;"2010"
"330100";"Campos dos Goytacazes";131;"2010"
"330110";"Cantagalo";3;"2010"
"330120";"Carmo";2;"2010"
"330130";"Casimiro de Abreu";5;"2010"
"330150";"Cordeiro";1;"2010"
"330160";"Duas Barras";1;"2010"
"330170";"Duque de Caxias";240;"2010"
"330185";"Guapimirim";2;"2010"
"330187";"Iguaba Grande";1;"2010"
"330190";"Itaboraí";19;"2010"
"330200";"Itaguaí";15;"2010"
"330220";"Itaperuna";22;"2010"
"330225";"Itatiaia";3;"2010"
"330227";"Japeri";6;"2010"
"330240";"Macaé";50;"2010"
"330250";"Magé";12;"2010"
"330260";"Mangaratiba";4;"2010"
"330270";"Maricá";14;"2010"
"330285";"Mesquita";5;"2010"
"330290";"Miguel Pereira";9;"2010"
"330300";"Miracema";6;"2010"
"330310";"Natividade";2;"2010"
"330320";"Nilópolis";51;"2010"
"330330";"Niterói";138;"2010"
"330340";"Nova Friburgo";33;"2010"
"330350";"Nova Iguaçu";176;"2010"
"330360";"Paracambi";9;"2010"
"330370";"Paraíba do Sul";4;"2010"
"330380";"Paraty";8;"2010"
"330390";"Petrópolis";76;"2010"
"330400";"Piraí";3;"2010"
"330412";"Quatis";1;"2010"
"330414";"Queimados";18;"2010"
"330415";"Quissamã";2;"2010"
"330420";"Resende";25;"2010"
"330430";"Rio Bonito";3;"2010"
"330450";"Rio das Flores";1;"2010"
"330452";"Rio das Ostras";9;"2010"
"330455";"Rio de Janeiro";1397;"2010"
"330460";"Santa Maria Madalena";1;"2010"
"330470";"Santo Antônio de Pádua";6;"2010"
"330475";"São Francisco de Itabapoana";2;"2010"
"330480";"São Fidélis";1;"2010"
"330490";"São Gonçalo";105;"2010"
"330500";"São João da Barra";4;"2010"
"330510";"São João de Meriti";73;"2010"
"330515";"São José do Vale do Rio Preto";1;"2010"
"330520";"São Pedro da Aldeia";9;"2010"
"330550";"Saquarema";6;"2010"
"330555";"Seropédica";3;"2010"
"330580";"Teresópolis";21;"2010"
"330590";"Trajano de Moraes";1;"2010"
"330600";"Três Rios";14;"2010"
"330610";"Valença";12;"2010"
"330615";"Varre-Sai";1;"2010"
"330620";"Vassouras";16;"2010"
"330630";"Volta Redonda";64;"2010"
"350010";"Adamantina";2;"2010"
"350030";"Aguaí";6;"2010"
"350070";"Agudos";5;"2010"
"350160";"Americana";45;"2010"
"350190";"Amparo";7;"2010"
"350200";"Analândia";1;"2010"
"350210";"Andradina";4;"2010"
"350220";"Angatuba";2;"2010"
"350250";"Aparecida";3;"2010"
"350270";"Apiaí";3;"2010"
"350275";"Araçariguama";1;"2010"
"350280";"Araçatuba";61;"2010"
"350320";"Araraquara";48;"2010"
"350330";"Araras";13;"2010"
"350390";"Arujá";14;"2010"
"350400";"Assis";37;"2010"
"350410";"Atibaia";18;"2010"
"350450";"Avaré";20;"2010"
"350520";"Bariri";1;"2010"
"350530";"Barra Bonita";3;"2010"
"350550";"Barretos";27;"2010"
"350570";"Barueri";56;"2010"
"350580";"Bastos";1;"2010"
"350590";"Batatais";1;"2010"
"350600";"Bauru";65;"2010"
"350610";"Bebedouro";4;"2010"
"350630";"Bernardino de Campos";2;"2010"
"350635";"Bertioga";5;"2010"
"350640";"Bilac";1;"2010"
"350650";"Birigui";3;"2010"
"350660";"Biritiba-Mirim";2;"2010"
"350670";"Boa Esperança do Sul";1;"2010"
"350700";"Boituva";3;"2010"
"350750";"Botucatu";77;"2010"
"350760";"Bragança Paulista";60;"2010"
"350790";"Brotas";2;"2010"
"350800";"Buri";1;"2010"
"350810";"Buritama";3;"2010"
"350840";"Cabreúva";1;"2010"
"350850";"Caçapava";5;"2010"
"350870";"Caconde";2;"2010"
"350900";"Caieiras";27;"2010"
"350920";"Cajamar";2;"2010"
"350940";"Cajuru";2;"2010"
"350950";"Campinas";299;"2010"
"350960";"Campo Limpo Paulista";3;"2010"
"350970";"Campos do Jordão";11;"2010"
"351020";"Capão Bonito";6;"2010"
"351040";"Capivari";3;"2010"
"351050";"Caraguatatuba";28;"2010"
"351060";"Carapicuíba";39;"2010"
"351070";"Cardoso";1;"2010"
"351080";"Casa Branca";1;"2010"
"351100";"Castilho";2;"2010"
"351110";"Catanduva";33;"2010"
"351140";"Cerqueira César";3;"2010"
"351150";"Cerquilho";1;"2010"
"351170";"Charqueada";3;"2010"
"351200";"Colina";1;"2010"
"351280";"Cosmópolis";6;"2010"
"351300";"Cotia";30;"2010"
"351340";"Cruzeiro";15;"2010"
"351350";"Cubatão";18;"2010"
"351360";"Cunha";2;"2010"
"351380";"Diadema";81;"2010"
"351410";"Dois Córregos";2;"2010"
"351440";"Dracena";7;"2010"
"351480";"Eldorado";2;"2010"
"351500";"Embu das Artes";6;"2010"
"351518";"Espírito Santo do Pinhal";4;"2010"
"351550";"Fernandópolis";4;"2010"
"351570";"Ferraz de Vasconcelos";40;"2010"
"351620";"Franca";60;"2010"
"351630";"Francisco Morato";34;"2010"
"351640";"Franco da Rocha";2;"2010"
"351670";"Garça";2;"2010"
"351760";"Guapiara";1;"2010"
"351770";"Guará";1;"2010"
"351820";"Guararapes";3;"2010"
"351830";"Guararema";3;"2010"
"351840";"Guaratinguetá";25;"2010"
"351860";"Guariba";1;"2010"
"351870";"Guarujá";67;"2010"
"351880";"Guarulhos";227;"2010"
"351900";"Herculândia";1;"2010"
"351905";"Holambra";1;"2010"
"351907";"Hortolândia";5;"2010"
"351910";"Iacanga";1;"2010"
"351960";"Ibitinga";7;"2010"
"351970";"Ibiúna";6;"2010"
"352010";"Igarapava";3;"2010"
"352020";"Igaratá";1;"2010"
"352030";"Iguape";1;"2010"
"352040";"Ilhabela";4;"2010"
"352044";"Ilha Solteira";3;"2010"
"352050";"Indaiatuba";19;"2010"
"352090";"Ipaussu";1;"2010"
"352100";"Iperó";1;"2010"
"352130";"Ipuã";1;"2010"
"352170";"Itaberá";1;"2010"
"352180";"Itaí";3;"2010"
"352190";"Itajobi";1;"2010"
"352210";"Itanhaém";21;"2010"
"352220";"Itapecerica da Serra";35;"2010"
"352230";"Itapetininga";22;"2010"
"352240";"Itapeva";55;"2010"
"352250";"Itapevi";45;"2010"
"352260";"Itapira";1;"2010"
"352270";"Itápolis";3;"2010"
"352280";"Itaporanga";1;"2010"
"352290";"Itapuí";1;"2010"
"352310";"Itaquaquecetuba";47;"2010"
"352320";"Itararé";2;"2010"
"352330";"Itariri";2;"2010"
"352340";"Itatiba";23;"2010"
"352350";"Itatinga";1;"2010"
"352360";"Itirapina";1;"2010"
"352390";"Itu";36;"2010"
"352400";"Itupeva";2;"2010"
"352420";"Jaborandi";1;"2010"
"352430";"Jaboticabal";3;"2010"
"352440";"Jacareí";38;"2010"
"352470";"Jaguariúna";1;"2010"
"352480";"Jales";13;"2010"
"352500";"Jandira";3;"2010"
"352530";"Jaú";39;"2010"
"352570";"José Bonifácio";4;"2010"
"352580";"Júlio Mesquita";1;"2010"
"352590";"Jundiaí";148;"2010"
"352600";"Junqueirópolis";4;"2010"
"352610";"Juquiá";1;"2010"
"352620";"Juquitiba";2;"2010"
"352670";"Leme";9;"2010"
"352680";"Lençóis Paulista";5;"2010"
"352690";"Limeira";47;"2010"
"352710";"Lins";18;"2010"
"352720";"Lorena";9;"2010"
"352770";"Luiziânia";1;"2010"
"352840";"Mairinque";2;"2010"
"352850";"Mairiporã";6;"2010"
"352860";"Manduri";1;"2010"
"352900";"Marília";59;"2010"
"352920";"Martinópolis";1;"2010"
"352930";"Matão";19;"2010"
"352940";"Mauá";81;"2010"
"352990";"Miracatu";2;"2010"
"353010";"Mirandópolis";1;"2010"
"353020";"Mirante do Paranapanema";1;"2010"
"353050";"Mococa";7;"2010"
"353060";"Mogi das Cruzes";79;"2010"
"353070";"Mogi Guaçu";24;"2010"
"353080";"Mogi Mirim";16;"2010"
"353090";"Mombuca";1;"2010"
"353110";"Mongaguá";4;"2010"
"353140";"Monte Aprazível";1;"2010"
"353150";"Monte Azul Paulista";1;"2010"
"353180";"Monte Mor";1;"2010"
"353200";"Morungaba";2;"2010"
"353215";"Nantes";1;"2010"
"353230";"Natividade da Serra";1;"2010"
"353240";"Nazaré Paulista";2;"2010"
"353260";"Nhandeara";2;"2010"
"353290";"Nova Europa";1;"2010"
"353340";"Nova Odessa";1;"2010"
"353350";"Novo Horizonte";1;"2010"
"353390";"Olímpia";4;"2010"
"353430";"Orlândia";5;"2010"
"353440";"Osasco";131;"2010"
"353460";"Osvaldo Cruz";2;"2010"
"353470";"Ourinhos";15;"2010"
"353510";"Palmares Paulista";1;"2010"
"353530";"Palmital";2;"2010"
"353550";"Paraguaçu Paulista";1;"2010"
"353620";"Pariquera-Açu";32;"2010"
"353650";"Paulínia";4;"2010"
"353670";"Pederneiras";3;"2010"
"353700";"Pedregulho";3;"2010"
"353730";"Penápolis";6;"2010"
"353740";"Pereira Barreto";2;"2010"
"353760";"Peruíbe";6;"2010"
"353780";"Piedade";6;"2010"
"353790";"Pilar do Sul";2;"2010"
"353800";"Pindamonhangaba";31;"2010"
"353850";"Piquete";1;"2010"
"353860";"Piracaia";1;"2010"
"353870";"Piracicaba";69;"2010"
"353880";"Piraju";2;"2010"
"353900";"Pirangi";1;"2010"
"353910";"Pirapora do Bom Jesus";2;"2010"
"353930";"Pirassununga";6;"2010"
"353950";"Pitangueiras";1;"2010"
"353980";"Poá";2;"2010"
"354050";"Porangaba";2;"2010"
"354060";"Porto Feliz";3;"2010"
"354070";"Porto Ferreira";5;"2010"
"354080";"Potirendaba";1;"2010"
"354100";"Praia Grande";36;"2010"
"354130";"Presidente Epitácio";5;"2010"
"354140";"Presidente Prudente";90;"2010"
"354150";"Presidente Venceslau";1;"2010"
"354210";"Rafard";1;"2010"
"354220";"Rancharia";4;"2010"
"354260";"Registro";5;"2010"
"354290";"Ribeirão Bonito";1;"2010"
"354330";"Ribeirão Pires";5;"2010"
"354340";"Ribeirão Preto";205;"2010"
"354390";"Rio Claro";45;"2010"
"354400";"Rio das Pedras";2;"2010"
"354410";"Rio Grande da Serra";4;"2010"
"354420";"Riolândia";1;"2010"
"354425";"Rosana";5;"2010"
"354520";"Salto";5;"2010"
"354530";"Salto de Pirapora";2;"2010"
"354540";"Salto Grande";1;"2010"
"354580";"Santa Bárbara d'Oeste";5;"2010"
"354630";"Santa Cruz das Palmeiras";2;"2010"
"354640";"Santa Cruz do Rio Pardo";12;"2010"
"354660";"Santa Fé do Sul";2;"2010"
"354670";"Santa Gertrudes";1;"2010"
"354680";"Santa Isabel";8;"2010"
"354730";"Santana de Parnaíba";2;"2010"
"354750";"Santa Rita do Passa Quatro";1;"2010"
"354760";"Santa Rosa de Viterbo";2;"2010"
"354780";"Santo André";131;"2010"
"354790";"Santo Antônio da Alegria";1;"2010"
"354840";"Santópolis do Aguapeí";1;"2010"
"354850";"Santos";171;"2010"
"354860";"São Bento do Sapucaí";1;"2010"
"354870";"São Bernardo do Campo";109;"2010"
"354880";"São Caetano do Sul";17;"2010"
"354890";"São Carlos";37;"2010"
"354910";"São João da Boa Vista";10;"2010"
"354940";"São Joaquim da Barra";7;"2010"
"354970";"São José do Rio Pardo";6;"2010"
"354980";"São José do Rio Preto";106;"2010"
"354990";"São José dos Campos";95;"2010"
"355030";"São Paulo";2403;"2010"
"355040";"São Pedro";2;"2010"
"355060";"São Roque";14;"2010"
"355070";"São Sebastião";6;"2010"
"355100";"São Vicente";43;"2010"
"355160";"Serra Negra";2;"2010"
"355170";"Sertãozinho";37;"2010"
"355210";"Socorro";4;"2010"
"355220";"Sorocaba";209;"2010"
"355240";"Sumaré";34;"2010"
"355250";"Suzano";35;"2010"
"355270";"Tabatinga";3;"2010"
"355280";"Taboão da Serra";56;"2010"
"355300";"Taguaí";1;"2010"
"355330";"Tambaú";2;"2010"
"355360";"Tapiratiba";1;"2010"
"355370";"Taquaritinga";3;"2010"
"355395";"Tarumã";1;"2010"
"355400";"Tatuí";6;"2010"
"355410";"Taubaté";92;"2010"
"355430";"Teodoro Sampaio";1;"2010"
"355480";"Tremembé";1;"2010"
"355500";"Tupã";9;"2010"
"355540";"Ubatuba";8;"2010"
"355600";"Urupês";1;"2010"
"355610";"Valentim Gentil";2;"2010"
"355620";"Valinhos";11;"2010"
"355630";"Valparaíso";2;"2010"
"355640";"Vargem Grande do Sul";1;"2010"
"355650";"Várzea Paulista";2;"2010"
"355700";"Votorantim";5;"2010"
"355710";"Votuporanga";14;"2010"
"410040";"Almirante Tamandaré";4;"2010"
"410050";"Altônia";2;"2010"
"410060";"Alto Paraná";1;"2010"
"410120";"Antonina";1;"2010"
"410140";"Apucarana";26;"2010"
"410150";"Arapongas";11;"2010"
"410160";"Arapoti";2;"2010"
"410180";"Araucária";21;"2010"
"410200";"Assis Chateaubriand";1;"2010"
"410240";"Bandeirantes";6;"2010"
"410250";"Barbosa Ferraz";1;"2010"
"410260";"Barracão";3;"2010"
"410280";"Bela Vista do Paraíso";1;"2010"
"410320";"Bom Sucesso";1;"2010"
"410360";"Cambará";1;"2010"
"410370";"Cambé";1;"2010"
"410390";"Campina da Lagoa";1;"2010"
"410395";"Campina do Simão";1;"2010"
"410400";"Campina Grande do Sul";60;"2010"
"410410";"Campo do Tenente";1;"2010"
"410420";"Campo Largo";85;"2010"
"410425";"Campo Magro";1;"2010"
"410430";"Campo Mourão";48;"2010"
"410440";"Cândido de Abreu";1;"2010"
"410442";"Candói";2;"2010"
"410445";"Cantagalo";4;"2010"
"410450";"Capanema";3;"2010"
"410470";"Carlópolis";2;"2010"
"410480";"Cascavel";75;"2010"
"410490";"Castro";10;"2010"
"410510";"Centenário do Sul";1;"2010"
"410530";"Céu Azul";1;"2010"
"410550";"Cianorte";9;"2010"
"410570";"Clevelândia";1;"2010"
"410580";"Colombo";10;"2010"
"410600";"Congonhinhas";2;"2010"
"410640";"Cornélio Procópio";14;"2010"
"410645";"Coronel Domingos Soares";2;"2010"
"410650";"Coronel Vivida";1;"2010"
"410680";"Cruz Machado";1;"2010"
"410690";"Curitiba";434;"2010"
"410700";"Curiúva";6;"2010"
"410720";"Dois Vizinhos";4;"2010"
"410754";"Espigão Alto do Iguaçu";1;"2010"
"410760";"Faxinal";3;"2010"
"410765";"Fazenda Rio Grande";4;"2010"
"410785";"Flor da Serra do Sul";2;"2010"
"410830";"Foz do Iguaçu";57;"2010"
"410840";"Francisco Beltrão";44;"2010"
"410850";"General Carneiro";1;"2010"
"410860";"Goioerê";4;"2010"
"410870";"Grandes Rios";1;"2010"
"410880";"Guaíra";2;"2010"
"410940";"Guarapuava";73;"2010"
"410960";"Guaratuba";1;"2010"
"410965";"Honório Serpa";1;"2010"
"410970";"Ibaiti";2;"2010"
"410975";"Ibema";3;"2010"
"410980";"Ibiporã";5;"2010"
"411007";"Imbaú";1;"2010"
"411010";"Imbituva";2;"2010"
"411050";"Ipiranga";2;"2010"
"411070";"Irati";29;"2010"
"411080";"Iretama";2;"2010"
"411095";"Itaipulândia";1;"2010"
"411125";"Itaperuçu";5;"2010"
"411150";"Ivaiporã";31;"2010"
"411180";"Jacarezinho";6;"2010"
"411190";"Jaguapitã";2;"2010"
"411200";"Jaguariaíva";7;"2010"
"411210";"Jandaia do Sul";1;"2010"
"411280";"Joaquim Távora";1;"2010"
"411300";"Jussara";1;"2010"
"411320";"Lapa";3;"2010"
"411330";"Laranjeiras do Sul";7;"2010"
"411350";"Loanda";1;"2010"
"411370";"Londrina";158;"2010"
"411375";"Lunardelli";2;"2010"
"411380";"Lupionópolis";1;"2010"
"411390";"Mallet";1;"2010"
"411410";"Mandaguaçu";1;"2010"
"411420";"Mandaguari";2;"2010"
"411440";"Mangueirinha";2;"2010"
"411450";"Manoel Ribas";1;"2010"
"411460";"Marechal Cândido Rondon";4;"2010"
"411510";"Mariluz";1;"2010"
"411520";"Maringá";75;"2010"
"411530";"Mariópolis";1;"2010"
"411535";"Maripá";1;"2010"
"411540";"Marmeleiro";3;"2010"
"411545";"Marquinho";1;"2010"
"411570";"Matinhos";1;"2010"
"411580";"Medianeira";1;"2010"
"411620";"Morretes";1;"2010"
"411630";"Munhoz de Melo";1;"2010"
"411670";"Nova Aurora";1;"2010"
"411680";"Nova Cantu";1;"2010"
"411705";"Nova Laranjeiras";4;"2010"
"411725";"Nova Prata do Iguaçu";1;"2010"
"411730";"Ortigueira";4;"2010"
"411750";"Paiçandu";1;"2010"
"411760";"Palmas";2;"2010"
"411770";"Palmeira";4;"2010"
"411780";"Palmital";2;"2010"
"411790";"Palotina";1;"2010"
"411800";"Paraíso do Norte";2;"2010"
"411820";"Paranaguá";28;"2010"
"411830";"Paranapoema";1;"2010"
"411840";"Paranavaí";24;"2010"
"411850";"Pato Branco";39;"2010"
"411915";"Pinhais";12;"2010"
"411920";"Pinhalão";3;"2010"
"411930";"Pinhão";6;"2010"
"411940";"Piraí do Sul";4;"2010"
"411950";"Piraquara";2;"2010"
"411960";"Pitanga";8;"2010"
"411990";"Ponta Grossa";94;"2010"
"412000";"Porecatu";1;"2010"
"412035";"Pranchita";1;"2010"
"412060";"Prudentópolis";6;"2010"
"412070";"Quatiguá";2;"2010"
"412090";"Quedas do Iguaçu";2;"2010"
"412100";"Querência do Norte";1;"2010"
"412140";"Realeza";1;"2010"
"412150";"Rebouças";1;"2010"
"412170";"Reserva";3;"2010"
"412175";"Reserva do Iguaçu";1;"2010"
"412200";"Rio Azul";2;"2010"
"412220";"Rio Branco do Sul";4;"2010"
"412230";"Rio Negro";5;"2010"
"412240";"Rolândia";4;"2010"
"412260";"Rondon";2;"2010"
"412270";"Sabáudia";1;"2010"
"412280";"Salgado Filho";1;"2010"
"412320";"Santa Cecília do Pavão";1;"2010"
"412340";"Santa Fé";1;"2010"
"412350";"Santa Helena";2;"2010"
"412370";"Santa Isabel do Ivaí";1;"2010"
"412380";"Santa Izabel do Oeste";1;"2010"
"412385";"Santa Maria do Oeste";1;"2010"
"412390";"Santa Mariana";1;"2010"
"412402";"Santa Tereza do Oeste";1;"2010"
"412410";"Santo Antônio da Platina";20;"2010"
"412490";"São João do Caiuá";1;"2010"
"412510";"São João do Triunfo";1;"2010"
"412550";"São José dos Pinhais";37;"2010"
"412560";"São Mateus do Sul";1;"2010"
"412575";"São Pedro do Iguaçu";1;"2010"
"412600";"São Sebastião da Amoreira";2;"2010"
"412625";"Sarandi";3;"2010"
"412660";"Siqueira Campos";2;"2010"
"412667";"Tamarana";1;"2010"
"412680";"Tapejara";1;"2010"
"412710";"Telêmaco Borba";22;"2010"
"412740";"Terra Roxa";2;"2010"
"412750";"Tibagi";1;"2010"
"412760";"Tijucas do Sul";3;"2010"
"412770";"Toledo";16;"2010"
"412788";"Tunas do Paraná";1;"2010"
"412796";"Turvo";1;"2010"
"412800";"Ubiratã";1;"2010"
"412810";"Umuarama";28;"2010"
"412820";"União da Vitória";20;"2010"
"412840";"Uraí";2;"2010"
"412850";"Wenceslau Braz";1;"2010"
"412853";"Ventania";3;"2010"
"412862";"Alto Paraíso";1;"2010"
"420010";"Abelardo Luz";1;"2010"
"420040";"Água Doce";1;"2010"
"420090";"Angelina";2;"2010"
"420100";"Anita Garibaldi";2;"2010"
"420125";"Apiúna";1;"2010"
"420140";"Araranguá";5;"2010"
"420160";"Arroio Trinta";1;"2010"
"420200";"Balneário Camboriú";20;"2010"
"420240";"Blumenau";91;"2010"
"420280";"Braço do Norte";1;"2010"
"420290";"Brusque";10;"2010"
"420300";"Caçador";11;"2010"
"420315";"Calmon";1;"2010"
"420360";"Campos Novos";1;"2010"
"420370";"Canelinha";1;"2010"
"420380";"Canoinhas";1;"2010"
"420390";"Capinzal";1;"2010"
"420410";"Caxambu do Sul";1;"2010"
"420420";"Chapecó";33;"2010"
"420430";"Concórdia";17;"2010"
"420455";"Correia Pinto";1;"2010"
"420460";"Criciúma";28;"2010"
"420480";"Curitibanos";24;"2010"
"420490";"Descanso";1;"2010"
"420500";"Dionísio Cerqueira";1;"2010"
"420540";"Florianópolis";99;"2010"
"420543";"Formosa do Sul";1;"2010"
"420545";"Forquilhinha";1;"2010"
"420550";"Fraiburgo";3;"2010"
"420590";"Gaspar";4;"2010"
"420610";"Grão Pará";1;"2010"
"420640";"Guaraciaba";2;"2010"
"420690";"Ibirama";3;"2010"
"420700";"Içara";3;"2010"
"420730";"Imbituba";2;"2010"
"420750";"Indaial";2;"2010"
"420765";"Iporã do Oeste";1;"2010"
"420810";"Itaiópolis";1;"2010"
"420820";"Itajaí";42;"2010"
"420840";"Itapiranga";3;"2010"
"420850";"Ituporanga";2;"2010"
"420880";"Jaguaruna";1;"2010"
"420890";"Jaraguá do Sul";36;"2010"
"420900";"Joaçaba";7;"2010"
"420910";"Joinville";88;"2010"
"420915";"José Boiteux";1;"2010"
"420930";"Lages";77;"2010"
"420940";"Laguna";1;"2010"
"420950";"Laurentino";1;"2010"
"420960";"Lauro Muller";1;"2010"
"420970";"Lebon Régis";2;"2010"
"421010";"Mafra";9;"2010"
"421050";"Maravilha";4;"2010"
"421060";"Massaranduba";1;"2010"
"421110";"Monte Castelo";1;"2010"
"421130";"Navegantes";1;"2010"
"421160";"Nova Veneza";1;"2010"
"421170";"Orleans";1;"2010"
"421220";"Papanduva";2;"2010"
"421260";"Peritiba";1;"2010"
"421290";"Pinhalzinho";1;"2010"
"421320";"Pomerode";1;"2010"
"421340";"Ponte Serrada";2;"2010"
"421360";"Porto União";2;"2010"
"421430";"Rancho Queimado";1;"2010"
"421440";"Rio das Antas";1;"2010"
"421470";"Rio dos Cedros";1;"2010"
"421480";"Rio do Sul";26;"2010"
"421500";"Rio Negrinho";3;"2010"
"421567";"Santa Terezinha";1;"2010"
"421580";"São Bento do Sul";9;"2010"
"421600";"São Carlos";1;"2010"
"421620";"São Francisco do Sul";1;"2010"
"421625";"São João do Oeste";1;"2010"
"421630";"São João Batista";1;"2010"
"421650";"São Joaquim";3;"2010"
"421660";"São José";46;"2010"
"421720";"São Miguel do Oeste";2;"2010"
"421770";"Sombrio";3;"2010"
"421780";"Taió";2;"2010"
"421800";"Tijucas";2;"2010"
"421820";"Timbó";4;"2010"
"421870";"Tubarão";50;"2010"
"421890";"Urubici";1;"2010"
"421900";"Urussanga";1;"2010"
"421930";"Videira";5;"2010"
"421950";"Xanxerê";16;"2010"
"430030";"Alecrim";1;"2010"
"430040";"Alegrete";20;"2010"
"430060";"Alvorada";22;"2010"
"430064";"Ametista do Sul";1;"2010"
"430080";"Antônio Prado";1;"2010"
"430120";"Arroio do Tigre";1;"2010"
"430130";"Arroio Grande";1;"2010"
"430160";"Bagé";23;"2010"
"430200";"Barros Cassal";1;"2010"
"430210";"Bento Gonçalves";18;"2010"
"430230";"Bom Jesus";1;"2010"
"430245";"Boqueirão do Leão";2;"2010"
"430270";"Butiá";1;"2010"
"430280";"Caçapava do Sul";1;"2010"
"430300";"Cachoeira do Sul";18;"2010"
"430310";"Cachoeirinha";14;"2010"
"430350";"Camaquã";4;"2010"
"430440";"Canela";1;"2010"
"430450";"Canguçu";4;"2010"
"430460";"Canoas";36;"2010"
"430463";"Capão da Canoa";2;"2010"
"430466";"Capão do Leão";1;"2010"
"430470";"Carazinho";3;"2010"
"430480";"Carlos Barbosa";2;"2010"
"430510";"Caxias do Sul";116;"2010"
"430517";"Cerro Grande do Sul";1;"2010"
"430580";"Constantina";1;"2010"
"430590";"Coronel Bicaco";1;"2010"
"430605";"Cristal";1;"2010"
"430610";"Cruz Alta";5;"2010"
"430640";"Dois Irmãos";1;"2010"
"430660";"Dom Pedrito";3;"2010"
"430673";"Doutor Maurício Cardoso";1;"2010"
"430676";"Eldorado do Sul";1;"2010"
"430680";"Encantado";1;"2010"
"430690";"Encruzilhada do Sul";1;"2010"
"430700";"Erechim";30;"2010"
"430770";"Esteio";5;"2010"
"430780";"Estrela";12;"2010"
"430790";"Farroupilha";1;"2010"
"430820";"Flores da Cunha";1;"2010"
"430830";"Fontoura Xavier";2;"2010"
"430850";"Frederico Westphalen";4;"2010"
"430860";"Garibaldi";2;"2010"
"430890";"Getúlio Vargas";2;"2010"
"430910";"Gramado";1;"2010"
"430920";"Gravataí";10;"2010"
"430930";"Guaíba";2;"2010"
"430960";"Horizontina";1;"2010"
"430970";"Humaitá";1;"2010"
"430990";"Ibiraiaras";1;"2010"
"431000";"Ibirubá";1;"2010"
"431010";"Igrejinha";2;"2010"
"431020";"Ijuí";16;"2010"
"431060";"Itaqui";3;"2010"
"431065";"Itati";1;"2010"
"431080";"Ivoti";2;"2010"
"431100";"Jaguarão";1;"2010"
"431110";"Jaguari";1;"2010"
"431120";"Júlio de Castilhos";2;"2010"
"431130";"Lagoa Vermelha";1;"2010"
"431140";"Lajeado";13;"2010"
"431150";"Lavras do Sul";1;"2010"
"431180";"Marau";1;"2010"
"431220";"Maximiliano de Almeida";1;"2010"
"431225";"Minas do Leão";1;"2010"
"431240";"Montenegro";5;"2010"
"431262";"Muliterno";1;"2010"
"431265";"Não-Me-Toque";1;"2010"
"431306";"Nova Hartz";1;"2010"
"431310";"Nova Palma";1;"2010"
"431320";"Nova Petrópolis";1;"2010"
"431337";"Nova Santa Rita";1;"2010"
"431340";"Novo Hamburgo";60;"2010"
"431370";"Palmeira das Missões";6;"2010"
"431380";"Palmitinho";1;"2010"
"431405";"Parobé";2;"2010"
"431410";"Passo Fundo";67;"2010"
"431417";"Pedras Altas";1;"2010"
"431420";"Pedro Osório";1;"2010"
"431440";"Pelotas";84;"2010"
"431470";"Planalto";1;"2010"
"431490";"Porto Alegre";492;"2010"
"431510";"Porto Xavier";2;"2010"
"431515";"Progresso";1;"2010"
"431530";"Quaraí";3;"2010"
"431540";"Redentora";1;"2010"
"431550";"Restinga Seca";1;"2010"
"431560";"Rio Grande";31;"2010"
"431600";"Rolante";1;"2010"
"431640";"Rosário do Sul";2;"2010"
"431645";"Salto do Jacuí";2;"2010"
"431680";"Santa Cruz do Sul";11;"2010"
"431690";"Santa Maria";69;"2010"
"431710";"Sant'Ana do Livramento";9;"2010"
"431720";"Santa Rosa";9;"2010"
"431730";"Santa Vitória do Palmar";4;"2010"
"431740";"Santiago";5;"2010"
"431750";"Santo Ângelo";22;"2010"
"431760";"Santo Antônio da Patrulha";3;"2010"
"431780";"Santo Augusto";1;"2010"
"431800";"São Borja";12;"2010"
"431820";"São Francisco de Paula";1;"2010"
"431830";"São Gabriel";3;"2010"
"431840";"São Jerônimo";3;"2010"
"431850";"São José do Norte";1;"2010"
"431860";"São José do Ouro";1;"2010"
"431870";"São Leopoldo";17;"2010"
"431880";"São Lourenço do Sul";2;"2010"
"431890";"São Luiz Gonzaga";8;"2010"
"431900";"São Marcos";1;"2010"
"431920";"São Nicolau";2;"2010"
"431960";"São Sepé";3;"2010"
"431990";"Sapiranga";3;"2010"
"432000";"Sapucaia do Sul";4;"2010"
"432010";"Sarandi";1;"2010"
"432020";"Seberi";1;"2010"
"432070";"Sobradinho";1;"2010"
"432080";"Soledade";4;"2010"
"432090";"Tapejara";1;"2010"
"432100";"Tapera";1;"2010"
"432120";"Taquara";3;"2010"
"432130";"Taquari";1;"2010"
"432145";"Teutônia";1;"2010"
"432146";"Tio Hugo";1;"2010"
"432150";"Torres";3;"2010"
"432160";"Tramandaí";12;"2010"
"432170";"Três Coroas";2;"2010"
"432180";"Três de Maio";3;"2010"
"432200";"Triunfo";3;"2010"
"432220";"Tupanciretã";1;"2010"
"432230";"Tuparendi";1;"2010"
"432240";"Uruguaiana";45;"2010"
"432250";"Vacaria";6;"2010"
"432260";"Venâncio Aires";5;"2010"
"432280";"Veranópolis";4;"2010"
"432300";"Viamão";11;"2010"
"500060";"Amambai";11;"2010"
"500070";"Anastácio";3;"2010"
"500100";"Aparecida do Taboado";1;"2010"
"500110";"Aquidauana";9;"2010"
"500124";"Aral Moreira";2;"2010"
"500190";"Bataguassu";1;"2010"
"500200";"Batayporã";4;"2010"
"500210";"Bela Vista";3;"2010"
"500220";"Bonito";2;"2010"
"500230";"Brasilândia";2;"2010"
"500240";"Caarapó";4;"2010"
"500260";"Camapuã";1;"2010"
"500270";"Campo Grande";285;"2010"
"500280";"Caracol";2;"2010"
"500290";"Cassilândia";2;"2010"
"500295";"Chapadão do Sul";4;"2010"
"500315";"Coronel Sapucaia";3;"2010"
"500320";"Corumbá";41;"2010"
"500325";"Costa Rica";2;"2010"
"500330";"Coxim";2;"2010"
"500370";"Dourados";142;"2010"
"500375";"Eldorado";3;"2010"
"500400";"Glória de Dourados";1;"2010"
"500410";"Guia Lopes da Laguna";2;"2010"
"500430";"Iguatemi";3;"2010"
"500440";"Inocência";1;"2010"
"500460";"Itaquiraí";3;"2010"
"500480";"Japorã";3;"2010"
"500500";"Jardim";1;"2010"
"500510";"Jateí";1;"2010"
"500515";"Juti";1;"2010"
"500525";"Laguna Carapã";1;"2010"
"500540";"Maracaju";2;"2010"
"500560";"Miranda";3;"2010"
"500568";"Mundo Novo";2;"2010"
"500570";"Naviraí";10;"2010"
"500600";"Nova Alvorada do Sul";1;"2010"
"500620";"Nova Andradina";1;"2010"
"500630";"Paranaíba";8;"2010"
"500635";"Paranhos";7;"2010"
"500660";"Ponta Porã";19;"2010"
"500690";"Porto Murtinho";3;"2010"
"500720";"Rio Brilhante";1;"2010"
"500740";"Rio Verde de Mato Grosso";1;"2010"
"500755";"Santa Rita do Pardo";1;"2010"
"500769";"São Gabriel do Oeste";1;"2010"
"500793";"Sonora";1;"2010"
"500795";"Tacuru";3;"2010"
"500797";"Taquarussu";1;"2010"
"500830";"Três Lagoas";8;"2010"
"510020";"Água Boa";3;"2010"
"510025";"Alta Floresta";17;"2010"
"510030";"Alto Araguaia";2;"2010"
"510060";"Alto Taquari";1;"2010"
"510140";"Aripuanã";7;"2010"
"510170";"Barra do Bugres";7;"2010"
"510180";"Barra do Garças";38;"2010"
"510190";"Brasnorte";1;"2010"
"510250";"Cáceres";31;"2010"
"510260";"Campinápolis";6;"2010"
"510263";"Campo Novo do Parecis";2;"2010"
"510267";"Campo Verde";4;"2010"
"510268";"Campos de Júlio";3;"2010"
"510270";"Canarana";2;"2010"
"510300";"Chapada dos Guimarães";2;"2010"
"510320";"Colíder";14;"2010"
"510325";"Colniza";6;"2010"
"510330";"Comodoro";2;"2010"
"510335";"Confresa";7;"2010"
"510337";"Cotriguaçu";1;"2010"
"510340";"Cuiabá";328;"2010"
"510350";"Diamantino";4;"2010"
"510370";"Feliz Natal";2;"2010"
"510410";"Guarantã do Norte";5;"2010"
"510480";"Jaciara";5;"2010"
"510500";"Jauru";1;"2010"
"510510";"Juara";6;"2010"
"510515";"Juína";8;"2010"
"510525";"Lucas do Rio Verde";4;"2010"
"510550";"Vila Bela da Santíssima Trindade";1;"2010"
"510558";"Marcelândia";1;"2010"
"510560";"Matupá";2;"2010"
"510600";"Nortelândia";2;"2010"
"510610";"Nossa Senhora do Livramento";1;"2010"
"510620";"Nova Brasilândia";1;"2010"
"510622";"Nova Mutum";3;"2010"
"510625";"Nova Xavantina";2;"2010"
"510629";"Paranaíta";1;"2010"
"510630";"Paranatinga";1;"2010"
"510642";"Peixoto de Azevedo";6;"2010"
"510650";"Poconé";2;"2010"
"510675";"Pontes e Lacerda";7;"2010"
"510677";"Porto Alegre do Norte";1;"2010"
"510700";"Poxoréo";1;"2010"
"510704";"Primavera do Leste";12;"2010"
"510706";"Querência";1;"2010"
"510710";"São José dos Quatro Marcos";1;"2010"
"510730";"São José do Rio Claro";2;"2010"
"510740";"São Pedro da Cipa";1;"2010"
"510760";"Rondonópolis";48;"2010"
"510770";"Rosário Oeste";2;"2010"
"510780";"Santo Antônio do Leverger";2;"2010"
"510785";"São Félix do Araguaia";3;"2010"
"510787";"Sapezal";2;"2010"
"510790";"Sinop";10;"2010"
"510792";"Sorriso";21;"2010"
"510795";"Tangará da Serra";17;"2010"
"510800";"Tapurah";1;"2010"
"510805";"Terra Nova do Norte";1;"2010"
"510810";"Tesouro";1;"2010"
"510840";"Várzea Grande";31;"2010"
"510860";"Vila Rica";1;"2010"
"520005";"Abadia de Goiás";1;"2010"
"520013";"Acreúna";1;"2010"
"520025";"Águas Lindas de Goiás";2;"2010"
"520030";"Alexânia";3;"2010"
"520110";"Anápolis";76;"2010"
"520140";"Aparecida de Goiânia";38;"2010"
"520180";"Aragoiânia";1;"2010"
"520215";"Araguapaz";1;"2010"
"520250";"Aruanã";1;"2010"
"520340";"Bom Jardim de Goiás";2;"2010"
"520490";"Campos Belos";2;"2010"
"520510";"Catalão";6;"2010"
"520530";"Cavalcante";3;"2010"
"520540";"Ceres";6;"2010"
"520549";"Cidade Ocidental";3;"2010"
"520551";"Cocalzinho de Goiás";1;"2010"
"520552";"Colinas do Sul";1;"2010"
"520620";"Cristalina";3;"2010"
"520670";"Damianópolis";1;"2010"
"520740";"Edéia";1;"2010"
"520800";"Formosa";13;"2010"
"520860";"Goianésia";4;"2010"
"520870";"Goiânia";696;"2010"
"520890";"Goiás";2;"2010"
"520910";"Goiatuba";1;"2010"
"520920";"Guapó";1;"2010"
"520970";"Hidrolândia";2;"2010"
"520990";"Iaciara";2;"2010"
"520995";"Indiara";1;"2010"
"521010";"Ipameri";1;"2010"
"521020";"Iporá";2;"2010"
"521040";"Itaberaí";2;"2010"
"521080";"Itajá";1;"2010"
"521100";"Itapirapuã";1;"2010"
"521130";"Itarumã";1;"2010"
"521150";"Itumbiara";6;"2010"
"521190";"Jataí";7;"2010"
"521250";"Luziânia";2;"2010"
"521270";"Mambaí";1;"2010"
"521308";"Minaçu";2;"2010"
"521310";"Mineiros";4;"2010"
"521350";"Monte Alegre de Goiás";1;"2010"
"521370";"Montes Claros de Goiás";1;"2010"
"521380";"Morrinhos";1;"2010"
"521400";"Mozarlândia";1;"2010"
"521405";"Mundo Novo";1;"2010"
"521460";"Niquelândia";2;"2010"
"521483";"Nova Crixás";1;"2010"
"521560";"Padre Bernardo";1;"2010"
"521570";"Palmeiras de Goiás";1;"2010"
"521640";"Paraúna";1;"2010"
"521680";"Petrolina de Goiás";1;"2010"
"521710";"Piracanjuba";3;"2010"
"521720";"Piranhas";1;"2010"
"521740";"Pires do Rio";1;"2010"
"521760";"Planaltina";4;"2010"
"521770";"Pontalina";3;"2010"
"521800";"Porangatu";1;"2010"
"521810";"Portelândia";1;"2010"
"521830";"Posse";4;"2010"
"521850";"Quirinópolis";3;"2010"
"521860";"Rialma";1;"2010"
"521880";"Rio Verde";15;"2010"
"521975";"Santo Antônio do Descoberto";1;"2010"
"522000";"São João d'Aliança";1;"2010"
"522010";"São Luís de Montes Belos";1;"2010"
"522040";"São Simão";1;"2010"
"522045";"Senador Canedo";3;"2010"
"522060";"Silvânia";2;"2010"
"522155";"Turvelândia";1;"2010"
"522185";"Valparaíso de Goiás";2;"2010"
"522200";"Vianópolis";1;"2010"
"530010";"Brasília";761;"2010"
